,,,,,,,,
,,,,,,,,
 RATE,Item Group,Service Name,Online/Offline,Duration,Single Session (INR),INCLUDES,Short Description,Long Description
,Psychology & Mental Health,Initial Psychological Assessment,Both,60-90 min,"1,500",,Initial Psychological Assessment is a 60-90 min session available both under our Psychology & Mental Health services.,"Our Initial Psychological Assessment offers personalized support designed to enhance well-being within the area of Psychology & Mental Health. This 60-90 min session, available both, is structured to provide guidance, therapeutic tools, and practical strategies tailored to individual needs. Through a compassionate and professional approach, clients can explore challenges, gain clarity, and develop healthier coping mechanisms. The service is ideal for anyone seeking growth, healing, and improved mental resilience."
,Psychology & Mental Health,Individual Counselling Session,Both,45-60 min,2000,,Individual Counselling Session is a 45-60 min session available both under our Psychology & Mental Health services.,"Our Individual Counselling Session offers personalized support designed to enhance well-being within the area of Psychology & Mental Health. This 45-60 min session, available both, is structured to provide guidance, therapeutic tools, and practical strategies tailored to individual needs. Through a compassionate and professional approach, clients can explore challenges, gain clarity, and develop healthier coping mechanisms. The service is ideal for anyone seeking growth, healing, and improved mental resilience."
,Psychology & Mental Health,"Cognitive Behavioral Therapy
(CBT)",Both,45-60 min,2500,,"Cognitive Behavioral Therapy
(CBT) is a 45-60 min session available both under our Psychology & Mental Health services.","Our Cognitive Behavioral Therapy
(CBT) offers personalized support designed to enhance well-being within the area of Psychology & Mental Health. This 45-60 min session, available both, is structured to provide guidance, therapeutic tools, and practical strategies tailored to individual needs. Through a compassionate and professional approach, clients can explore challenges, gain clarity, and develop healthier coping mechanisms. The service is ideal for anyone seeking growth, healing, and improved mental resilience."
,Psychology & Mental Health,Mindfulnes s-Based Stress Reduction (MBSR),Both,45-60 min,1500,,Mindfulnes s-Based Stress Reduction (MBSR) is a 45-60 min session available both under our Psychology & Mental Health services.,"Our Mindfulnes s-Based Stress Reduction (MBSR) offers personalized support designed to enhance well-being within the area of Psychology & Mental Health. This 45-60 min session, available both, is structured to provide guidance, therapeutic tools, and practical strategies tailored to individual needs. Through a compassionate and professional approach, clients can explore challenges, gain clarity, and develop healthier coping mechanisms. The service is ideal for anyone seeking growth, healing, and improved mental resilience."
,Psychology & Mental Health,Depression Management Program,Both,60 min,2000,,"Depression Management Program is a 60 min session available both under our Psychology & Mental
Health services.","Our Depression Management Program offers personalized support designed to enhance well-being within the area of Psychology & Mental
Health. This 60 min session, available both, is structured to provide guidance, therapeutic tools, and practical strategies tailored to individual needs. Through a compassionate and professional approach, clients can explore challenges, gain clarity, and develop healthier coping mechanisms. The service is ideal for anyone seeking growth, healing, and improved mental resilience."
,Psychology & Mental Health,"Anxiety & Panic Disorder
Treatment",Both,60 min,2500,,"Anxiety & Panic Disorder
Treatment is a 60 min session available both under our Psychology & Mental Health services.","Our Anxiety & Panic Disorder
Treatment offers personalized support designed to enhance well-being within the area of Psychology & Mental Health. This 60 min session, available both, is structured to provide guidance, therapeutic tools, and practical strategies tailored to individual needs. Through a compassionate and professional approach, clients can explore challenges, gain clarity, and develop healthier coping mechanisms. The service is ideal for anyone seeking growth, healing, and improved mental resilience."
,Psychology & Mental Health,Couples Therapy,Both,60-90 min,3000,,"Couples Therapy is a 60-90 min session available both under our Psychology & Mental
Health services.","Our Couples Therapy offers personalized support designed to enhance well-being within the area of Psychology & Mental
Health. This 60-90 min session, available both, is structured to provide guidance, therapeutic tools, and practical strategies tailored to individual needs. Through a compassionate and professional approach, clients can explore challenges, gain clarity, and develop healthier coping mechanisms. The service is ideal for anyone seeking growth, healing, and improved mental resilience."
,Psychology & Mental Health,Family Therapy,Both,60-90 min,4000,,"Family Therapy is a 60-90 min session available both under our Psychology & Mental
Health services.","Our Family Therapy offers personalized support designed to enhance well-being within the area of Psychology & Mental
Health. This 60-90 min session, available both, is structured to provide guidance, therapeutic tools, and practical strategies tailored to individual needs. Through a compassionate and professional approach, clients can explore challenges, gain clarity, and develop healthier coping mechanisms. The service is ideal for anyone seeking growth, healing, and improved mental resilience."
,Psychology & Mental Health,Child & Adolescent Counselling,Both,45-60 min,2200,,Child & Adolescent Counselling is a 45-60 min session available both under our Psychology & Mental Health services.,"Our Child & Adolescent Counselling offers personalized support designed to enhance well-being within the area of Psychology & Mental Health. This 45-60 min session, available both, is structured to provide guidance, therapeutic tools, and practical strategies tailored to individual needs. Through a compassionate and professional approach, clients can explore challenges, gain clarity, and develop healthier coping mechanisms. The service is ideal for anyone seeking growth, healing, and improved mental resilience."
,Psychology & Mental Health,Grief and Loss Counselling,Both,60 min,2300,,Grief and Loss Counselling is a 60 min session available both under our Psychology & Mental Health services.,"Our Grief and Loss Counselling offers personalized support designed to enhance well-being within the area of Psychology & Mental Health. This 60 min session, available both, is structured to provide guidance, therapeutic tools, and practical strategies tailored to individual needs. Through a compassionate and professional approach, clients can explore challenges, gain clarity, and develop healthier coping mechanisms. The service is ideal for anyone seeking growth, healing, and improved mental resilience."
,Psychology & Mental Health,Anger Management Session,Both,45-60 min,2300,,"Anger Management Session is a 45-60 min session available both under our Psychology & Mental
Health services.","Our Anger Management Session offers personalized support designed to enhance well-being within the area of Psychology & Mental
Health. This 45-60 min session, available both, is structured to provide guidance, therapeutic tools, and practical strategies tailored to individual needs. Through a compassionate and professional approach, clients can explore challenges, gain clarity, and develop healthier coping mechanisms. The service is ideal for anyone seeking growth, healing, and improved mental resilience."
,Psychology & Mental Health,Stress & Burnout Consultation,Both,60 min,1700,,Stress & Burnout Consultation is a 60 min session available both under our Psychology & Mental Health services.,"Our Stress & Burnout Consultation offers personalized support designed to enhance well-being within the area of Psychology & Mental Health. This 60 min session, available both, is structured to provide guidance, therapeutic tools, and practical strategies tailored to individual needs. Through a compassionate and professional approach, clients can explore challenges, gain clarity, and develop healthier coping mechanisms. The service is ideal for anyone seeking growth, healing, and improved mental resilience."
,Psychology & Mental Health,"Sleep Hygiene
Coaching",Both,45 min,1600,,"Sleep Hygiene
Coaching is a 45 min session available both under our Psychology & Mental
Health services.","Our Sleep Hygiene
Coaching offers personalized support designed to enhance well-being within the area of Psychology & Mental
Health. This 45 min session, available both, is structured to provide guidance, therapeutic tools, and practical strategies tailored to individual needs. Through a compassionate and professional approach, clients can explore challenges, gain clarity, and develop healthier coping mechanisms. The service is ideal for anyone seeking growth, healing, and improved mental resilience."
,Psychology & Mental Health,"Trauma-Informed Therapy
(EMDR)",Both,60-90 min,2600,,"Trauma-Informed Therapy
(EMDR) is a 60-90 min session available both under our Psychology & Mental Health services.","Our Trauma-Informed Therapy
(EMDR) offers personalized support designed to enhance well-being within the area of Psychology & Mental Health. This 60-90 min session, available both, is structured to provide guidance, therapeutic tools, and practical strategies tailored to individual needs. Through a compassionate and professional approach, clients can explore challenges, gain clarity, and develop healthier coping mechanisms. The service is ideal for anyone seeking growth, healing, and improved mental resilience."
,Psychology & Mental Health,"Career & Life
Coaching",Both,60 min,2500,,"Career & Life
Coaching is a 60 min session available both under our Psychology & Mental
Health services.","Our Career & Life
Coaching offers personalized support designed to enhance well-being within the area of Psychology & Mental
Health. This 60 min session, available both, is structured to provide guidance, therapeutic tools, and practical strategies tailored to individual needs. Through a compassionate and professional approach, clients can explore challenges, gain clarity, and develop healthier coping mechanisms. The service is ideal for anyone seeking growth, healing, and improved mental resilience."
,Psychology & Mental Health,"Group Therapy
Session",Online,90 min,1300,,"Group Therapy
Session is a 90 min session available online under our Psychology & Mental
Health services.","Our Group Therapy
Session offers personalized support designed to enhance well-being within the area of Psychology & Mental
Health. This 90 min session, available online, is structured to provide guidance, therapeutic tools, and practical strategies tailored to individual needs. Through a compassionate and professional approach, clients can explore challenges, gain clarity, and develop healthier coping mechanisms. The service is ideal for anyone seeking growth, healing, and improved mental resilience."
,Psychology & Mental Health,Online Text-based Therapy (Weekly),Online,,-,,Online Text-based Therapy (Weekly) is a customized duration session available online under our Psychology & Mental Health services.,"Our Online Text-based Therapy (Weekly) offers personalized support designed to enhance well-being within the area of Psychology & Mental Health. This customized duration session, available online, is structured to provide guidance, therapeutic tools, and practical strategies tailored to individual needs. Through a compassionate and professional approach, clients can explore challenges, gain clarity, and develop healthier coping mechanisms. The service is ideal for anyone seeking growth, healing, and improved mental resilience."
,Psychology & Mental Health,Pre-Marital Counselling,Both,60 min,2800,,"Pre-Marital Counselling is a 60 min session available both under our Psychology & Mental
Health services.","Our Pre-Marital Counselling offers personalized support designed to enhance well-being within the area of Psychology & Mental
Health. This 60 min session, available both, is structured to provide guidance, therapeutic tools, and practical strategies tailored to individual needs. Through a compassionate and professional approach, clients can explore challenges, gain clarity, and develop healthier coping mechanisms. The service is ideal for anyone seeking growth, healing, and improved mental resilience."
,Psychology & Mental Health,Postpartum Depression Support,Both,60 min,2300,,Postpartum Depression Support is a 60 min session available both under our Psychology & Mental Health services.,"Our Postpartum Depression Support offers personalized support designed to enhance well-being within the area of Psychology & Mental Health. This 60 min session, available both, is structured to provide guidance, therapeutic tools, and practical strategies tailored to individual needs. Through a compassionate and professional approach, clients can explore challenges, gain clarity, and develop healthier coping mechanisms. The service is ideal for anyone seeking growth, healing, and improved mental resilience."
,Psychology & Mental Health,Substance Abuse Counselling,Both,60 min,2800,,Substance Abuse Counselling is a 60 min session available both under our Psychology & Mental Health services.,"Our Substance Abuse Counselling offers personalized support designed to enhance well-being within the area of Psychology & Mental Health. This 60 min session, available both, is structured to provide guidance, therapeutic tools, and practical strategies tailored to individual needs. Through a compassionate and professional approach, clients can explore challenges, gain clarity, and develop healthier coping mechanisms. The service is ideal for anyone seeking growth, healing, and improved mental resilience."
,Physiotherapy & Rehabilitation,Initial Assessment & Consultation,Offline,45-60 min,800,,Initial Assessment & Consultation is a 45-60 min session available offline under our Physiotherapy & Rehabilitation services.,"Our Initial Assessment & Consultation offers personalized support designed to enhance well-being within the area of Physiotherapy & Rehabilitation. This 45-60 min session, available offline, is structured to provide guidance, therapeutic tools, and practical strategies tailored to individual needs. Through a compassionate and professional approach, clients can explore challenges, gain clarity, and develop healthier coping mechanisms. The service is ideal for anyone seeking growth, healing, and improved mental resilience."
,Physiotherapy & Rehabilitation,General Physiotherapy Session,Offline,30-45 min,600,,"General Physiotherapy Session is a 30-45 min session available offline under our Physiotherapy & Rehabilitati
on services.","Our General Physiotherapy Session offers personalized support designed to enhance well-being within the area of Physiotherapy & Rehabilitati
on. This 30-45 min session, available offline, is structured to provide guidance, therapeutic tools, and practical strategies tailored to individual needs. Through a compassionate and professional approach, clients can explore challenges, gain clarity, and develop healthier coping mechanisms. The service is ideal for anyone seeking growth, healing, and improved mental resilience."
,Physiotherapy & Rehabilitation,Post-Surgic al Rehabilitation,Offline,45 min,700,,"Post-Surgic al Rehabilitation is a 45 min session available offline under our Physiotherapy & Rehabilitati
on services.","Our Post-Surgic al Rehabilitation offers personalized support designed to enhance well-being within the area of Physiotherapy & Rehabilitati
on. This 45 min session, available offline, is structured to provide guidance, therapeutic tools, and practical strategies tailored to individual needs. Through a compassionate and professional approach, clients can explore challenges, gain clarity, and develop healthier coping mechanisms. The service is ideal for anyone seeking growth, healing, and improved mental resilience."
,Physiotherapy & Rehabilitation,Orthopedic Rehabilitation,Offline,45 min,800,,Orthopedic Rehabilitation is a 45 min session available offline under our Physiotherapy & Rehabilitation services.,"Our Orthopedic Rehabilitation offers personalized support designed to enhance well-being within the area of Physiotherapy & Rehabilitation. This 45 min session, available offline, is structured to provide guidance, therapeutic tools, and practical strategies tailored to individual needs. Through a compassionate and professional approach, clients can explore challenges, gain clarity, and develop healthier coping mechanisms. The service is ideal for anyone seeking growth, healing, and improved mental resilience."
,Physiotherapy & Rehabilitation,Sports Injury Treatment,Offline,45 min,1000,,Sports Injury Treatment is a 45 min session available offline under our Physiotherapy & Rehabilitation services.,"Our Sports Injury Treatment offers personalized support designed to enhance well-being within the area of Physiotherapy & Rehabilitation. This 45 min session, available offline, is structured to provide guidance, therapeutic tools, and practical strategies tailored to individual needs. Through a compassionate and professional approach, clients can explore challenges, gain clarity, and develop healthier coping mechanisms. The service is ideal for anyone seeking growth, healing, and improved mental resilience."
,Physiotherapy & Rehabilitation,Dry Needling Session,Offline,30 min,1000,,"Dry Needling Session is a 30 min session available offline under our Physiotherapy & Rehabilitati
on services.","Our Dry Needling Session offers personalized support designed to enhance well-being within the area of Physiotherapy & Rehabilitati
on. This 30 min session, available offline, is structured to provide guidance, therapeutic tools, and practical strategies tailored to individual needs. Through a compassionate and professional approach, clients can explore challenges, gain clarity, and develop healthier coping mechanisms. The service is ideal for anyone seeking growth, healing, and improved mental resilience."
,Physiotherapy & Rehabilitation,Kinesio Taping Application,Offline,15 min,500,,"Kinesio Taping Application is a 15 min session available offline under our Physiotherapy & Rehabilitati
on services.","Our Kinesio Taping Application offers personalized support designed to enhance well-being within the area of Physiotherapy & Rehabilitati
on. This 15 min session, available offline, is structured to provide guidance, therapeutic tools, and practical strategies tailored to individual needs. Through a compassionate and professional approach, clients can explore challenges, gain clarity, and develop healthier coping mechanisms. The service is ideal for anyone seeking growth, healing, and improved mental resilience."
,Physiotherapy & Rehabilitation,Manual Therapy & Joint Mobilization,Offline,30 min,800,,Manual Therapy & Joint Mobilization is a 30 min session available offline under our Physiotherapy & Rehabilitation services.,"Our Manual Therapy & Joint Mobilization offers personalized support designed to enhance well-being within the area of Physiotherapy & Rehabilitation. This 30 min session, available offline, is structured to provide guidance, therapeutic tools, and practical strategies tailored to individual needs. Through a compassionate and professional approach, clients can explore challenges, gain clarity, and develop healthier coping mechanisms. The service is ideal for anyone seeking growth, healing, and improved mental resilience."
,Physiotherapy & Rehabilitation,Cupping Therapy,Offline,30 min,800,,"Cupping Therapy is a 30 min session available offline under our Physiotherapy & Rehabilitati
on services.","Our Cupping Therapy offers personalized support designed to enhance well-being within the area of Physiotherapy & Rehabilitati
on. This 30 min session, available offline, is structured to provide guidance, therapeutic tools, and practical strategies tailored to individual needs. Through a compassionate and professional approach, clients can explore challenges, gain clarity, and develop healthier coping mechanisms. The service is ideal for anyone seeking growth, healing, and improved mental resilience."
,Physiotherapy & Rehabilitation,Electrotherapy (TENS/Ultr asound),Offline,20 min,400,,Electrotherapy (TENS/Ultr asound) is a 20 min session available offline under our Physiotherapy & Rehabilitation services.,"Our Electrotherapy (TENS/Ultr asound) offers personalized support designed to enhance well-being within the area of Physiotherapy & Rehabilitation. This 20 min session, available offline, is structured to provide guidance, therapeutic tools, and practical strategies tailored to individual needs. Through a compassionate and professional approach, clients can explore challenges, gain clarity, and develop healthier coping mechanisms. The service is ideal for anyone seeking growth, healing, and improved mental resilience."
,Physiotherapy & Rehabilitation,Posture Correction Program,Both,45 min,800,,"Posture Correction Program is a 45 min session available both under our Physiotherapy & Rehabilitati
on services.","Our Posture Correction Program offers personalized support designed to enhance well-being within the area of Physiotherapy & Rehabilitati
on. This 45 min session, available both, is structured to provide guidance, therapeutic tools, and practical strategies tailored to individual needs. Through a compassionate and professional approach, clients can explore challenges, gain clarity, and develop healthier coping mechanisms. The service is ideal for anyone seeking growth, healing, and improved mental resilience."
,Physiotherapy & Rehabilitation,Geriatric Physiotherapy,Offline,45 min,700,,"Geriatric Physiotherapy is a 45 min session available offline under our Physiotherapy & Rehabilitati
on services.","Our Geriatric Physiotherapy offers personalized support designed to enhance well-being within the area of Physiotherapy & Rehabilitati
on. This 45 min session, available offline, is structured to provide guidance, therapeutic tools, and practical strategies tailored to individual needs. Through a compassionate and professional approach, clients can explore challenges, gain clarity, and develop healthier coping mechanisms. The service is ideal for anyone seeking growth, healing, and improved mental resilience."
,Physiotherapy & Rehabilitation,Neurological Rehabilitation,Offline,60 min,1000,,Neurological Rehabilitation is a 60 min session available offline under our Physiotherapy & Rehabilitation services.,"Our Neurological Rehabilitation offers personalized support designed to enhance well-being within the area of Physiotherapy & Rehabilitation. This 60 min session, available offline, is structured to provide guidance, therapeutic tools, and practical strategies tailored to individual needs. Through a compassionate and professional approach, clients can explore challenges, gain clarity, and develop healthier coping mechanisms. The service is ideal for anyone seeking growth, healing, and improved mental resilience."
,Physiotherapy & Rehabilitation,Cardiopulmonary Rehabilitation,Offline,60 min,1200,,Cardiopulmonary Rehabilitation is a 60 min session available offline under our Physiotherapy & Rehabilitation services.,"Our Cardiopulmonary Rehabilitation offers personalized support designed to enhance well-being within the area of Physiotherapy & Rehabilitation. This 60 min session, available offline, is structured to provide guidance, therapeutic tools, and practical strategies tailored to individual needs. Through a compassionate and professional approach, clients can explore challenges, gain clarity, and develop healthier coping mechanisms. The service is ideal for anyone seeking growth, healing, and improved mental resilience."
,Physiotherapy & Rehabilitation,Pelvic Floor Rehabilitation,Offline,45 min,800,,Pelvic Floor Rehabilitation is a 45 min session available offline under our Physiotherapy & Rehabilitation services.,"Our Pelvic Floor Rehabilitation offers personalized support designed to enhance well-being within the area of Physiotherapy & Rehabilitation. This 45 min session, available offline, is structured to provide guidance, therapeutic tools, and practical strategies tailored to individual needs. Through a compassionate and professional approach, clients can explore challenges, gain clarity, and develop healthier coping mechanisms. The service is ideal for anyone seeking growth, healing, and improved mental resilience."
,Physiotherapy & Rehabilitation,"Home-based Physiotherapy
Session",Offline,45-60 min,1500,,"Home-based Physiotherapy
Session is a 45-60 min session available offline under our Physiotherapy & Rehabilitation services.","Our Home-based Physiotherapy
Session offers personalized support designed to enhance well-being within the area of Physiotherapy & Rehabilitation. This 45-60 min session, available offline, is structured to provide guidance, therapeutic tools, and practical strategies tailored to individual needs. Through a compassionate and professional approach, clients can explore challenges, gain clarity, and develop healthier coping mechanisms. The service is ideal for anyone seeking growth, healing, and improved mental resilience."
,Physiotherapy & Rehabilitation,Ergonomic Assessment & Consultation,Both,60 min,1500,,Ergonomic Assessment & Consultation is a 60 min session available both under our Physiotherapy & Rehabilitation services.,"Our Ergonomic Assessment & Consultation offers personalized support designed to enhance well-being within the area of Physiotherapy & Rehabilitation. This 60 min session, available both, is structured to provide guidance, therapeutic tools, and practical strategies tailored to individual needs. Through a compassionate and professional approach, clients can explore challenges, gain clarity, and develop healthier coping mechanisms. The service is ideal for anyone seeking growth, healing, and improved mental resilience."
,Physiotherapy & Rehabilitation,Corporate Wellness Physiotherapy,Offline,1-2 hours,8000,,Corporate Wellness Physiotherapy is a 1-2 hours session available offline under our Physiotherapy & Rehabilitation services.,"Our Corporate Wellness Physiotherapy offers personalized support designed to enhance well-being within the area of Physiotherapy & Rehabilitation. This 1-2 hours session, available offline, is structured to provide guidance, therapeutic tools, and practical strategies tailored to individual needs. Through a compassionate and professional approach, clients can explore challenges, gain clarity, and develop healthier coping mechanisms. The service is ideal for anyone seeking growth, healing, and improved mental resilience."
,Physiotherapy & Rehabilitation,Pediatric Physiotherapy,Offline,45 min,800,,"Pediatric Physiotherapy is a 45 min session available offline under our Physiotherapy & Rehabilitati
on services.","Our Pediatric Physiotherapy offers personalized support designed to enhance well-being within the area of Physiotherapy & Rehabilitati
on. This 45 min session, available offline, is structured to provide guidance, therapeutic tools, and practical strategies tailored to individual needs. Through a compassionate and professional approach, clients can explore challenges, gain clarity, and develop healthier coping mechanisms. The service is ideal for anyone seeking growth, healing, and improved mental resilience."
,Physiotherapy & Rehabilitation,"Online Rehab Exercise
Planning",Online,30 min,600,,"Online Rehab Exercise
Planning is a 30 min session available online under our Physiotherapy & Rehabilitati
on services.","Our Online Rehab Exercise
Planning offers personalized support designed to enhance well-being within the area of Physiotherapy & Rehabilitati
on. This 30 min session, available online, is structured to provide guidance, therapeutic tools, and practical strategies tailored to individual needs. Through a compassionate and professional approach, clients can explore challenges, gain clarity, and develop healthier coping mechanisms. The service is ideal for anyone seeking growth, healing, and improved mental resilience."
,Chiropractic & Osteopathy,"Initial Chiropractic Consultation &
Adjustment",Offline,45-60 min,1500,,"Initial Chiropractic Consultation &
Adjustment is a 45-60 min session available offline under our Chiropractic & Osteopathy services.","Our Initial Chiropractic Consultation &
Adjustment offers personalized support designed to enhance well-being within the area of Chiropractic & Osteopathy. This 45-60 min session, available offline, is structured to provide guidance, therapeutic tools, and practical strategies tailored to individual needs. Through a compassionate and professional approach, clients can explore challenges, gain clarity, and develop healthier coping mechanisms. The service is ideal for anyone seeking growth, healing, and improved mental resilience."
,Chiropractic & Osteopathy,Follow-up Chiropractic Adjustment,Offline,15-20 min,800,,Follow-up Chiropractic Adjustment is a 15-20 min session available offline under our Chiropractic & Osteopathy services.,"Our Follow-up Chiropractic Adjustment offers personalized support designed to enhance well-being within the area of Chiropractic & Osteopathy. This 15-20 min session, available offline, is structured to provide guidance, therapeutic tools, and practical strategies tailored to individual needs. Through a compassionate and professional approach, clients can explore challenges, gain clarity, and develop healthier coping mechanisms. The service is ideal for anyone seeking growth, healing, and improved mental resilience."
,Chiropractic & Osteopathy,Spinal Decompres sion Therapy,Offline,30 min,2000,,Spinal Decompres sion Therapy is a 30 min session available offline under our Chiropractic & Osteopathy services.,"Our Spinal Decompres sion Therapy offers personalized support designed to enhance well-being within the area of Chiropractic & Osteopathy. This 30 min session, available offline, is structured to provide guidance, therapeutic tools, and practical strategies tailored to individual needs. Through a compassionate and professional approach, clients can explore challenges, gain clarity, and develop healthier coping mechanisms. The service is ideal for anyone seeking growth, healing, and improved mental resilience."
,Chiropractic & Osteopathy,Cervical Adjustment,Offline,15 min,800,,"Cervical Adjustment is a 15 min session available offline under our Chiropractic &
Osteopathy services.","Our Cervical Adjustment offers personalized support designed to enhance well-being within the area of Chiropractic &
Osteopathy. This 15 min session, available offline, is structured to provide guidance, therapeutic tools, and practical strategies tailored to individual needs. Through a compassionate and professional approach, clients can explore challenges, gain clarity, and develop healthier coping mechanisms. The service is ideal for anyone seeking growth, healing, and improved mental resilience."
,Chiropractic & Osteopathy,Lumbar Adjustment,Offline,15 min,700,,Lumbar Adjustment is a 15 min session available offline under our Chiropractic & Osteopathy services.,"Our Lumbar Adjustment offers personalized support designed to enhance well-being within the area of Chiropractic & Osteopathy. This 15 min session, available offline, is structured to provide guidance, therapeutic tools, and practical strategies tailored to individual needs. Through a compassionate and professional approach, clients can explore challenges, gain clarity, and develop healthier coping mechanisms. The service is ideal for anyone seeking growth, healing, and improved mental resilience."
,Chiropractic & Osteopathy,Sacroiliac Joint Dysfunction Treatment,Offline,20 min,800,,Sacroiliac Joint Dysfunction Treatment is a 20 min session available offline under our Chiropractic & Osteopathy services.,"Our Sacroiliac Joint Dysfunction Treatment offers personalized support designed to enhance well-being within the area of Chiropractic & Osteopathy. This 20 min session, available offline, is structured to provide guidance, therapeutic tools, and practical strategies tailored to individual needs. Through a compassionate and professional approach, clients can explore challenges, gain clarity, and develop healthier coping mechanisms. The service is ideal for anyone seeking growth, healing, and improved mental resilience."
,Chiropractic & Osteopathy,Myofascial Release Therapy,Offline,30 min,800,,Myofascial Release Therapy is a 30 min session available offline under our Chiropractic & Osteopathy services.,"Our Myofascial Release Therapy offers personalized support designed to enhance well-being within the area of Chiropractic & Osteopathy. This 30 min session, available offline, is structured to provide guidance, therapeutic tools, and practical strategies tailored to individual needs. Through a compassionate and professional approach, clients can explore challenges, gain clarity, and develop healthier coping mechanisms. The service is ideal for anyone seeking growth, healing, and improved mental resilience."
,Chiropractic & Osteopathy,Joint Manipulatio n & Mobilizatio n,Offline,20 min,700,,Joint Manipulatio n & Mobilizatio n is a 20 min session available offline under our Chiropractic & Osteopathy services.,"Our Joint Manipulatio n & Mobilizatio n offers personalized support designed to enhance well-being within the area of Chiropractic & Osteopathy. This 20 min session, available offline, is structured to provide guidance, therapeutic tools, and practical strategies tailored to individual needs. Through a compassionate and professional approach, clients can explore challenges, gain clarity, and develop healthier coping mechanisms. The service is ideal for anyone seeking growth, healing, and improved mental resilience."
,Chiropractic & Osteopathy,"Sports Chiropractic
Treatment",Offline,30-45 min,1200,,"Sports Chiropractic
Treatment is a 30-45 min session available offline under our Chiropractic & Osteopathy services.","Our Sports Chiropractic
Treatment offers personalized support designed to enhance well-being within the area of Chiropractic & Osteopathy. This 30-45 min session, available offline, is structured to provide guidance, therapeutic tools, and practical strategies tailored to individual needs. Through a compassionate and professional approach, clients can explore challenges, gain clarity, and develop healthier coping mechanisms. The service is ideal for anyone seeking growth, healing, and improved mental resilience."
,Chiropractic & Osteopathy,Sciatica Treatment,Offline,30 min,900,,Sciatica Treatment is a 30 min session available offline under our Chiropractic & Osteopathy services.,"Our Sciatica Treatment offers personalized support designed to enhance well-being within the area of Chiropractic & Osteopathy. This 30 min session, available offline, is structured to provide guidance, therapeutic tools, and practical strategies tailored to individual needs. Through a compassionate and professional approach, clients can explore challenges, gain clarity, and develop healthier coping mechanisms. The service is ideal for anyone seeking growth, healing, and improved mental resilience."
,Chiropractic & Osteopathy,"Headaches &
Migraines",Offline,30 min,900,,"Headaches &
Migraines is a 30 min session available offline under our Chiropractic &
Osteopathy services.","Our Headaches &
Migraines offers personalized support designed to enhance well-being within the area of Chiropractic &
Osteopathy. This 30 min session, available offline, is structured to provide guidance, therapeutic tools, and practical strategies tailored to individual needs. Through a compassionate and professional approach, clients can explore challenges, gain clarity, and develop healthier coping mechanisms. The service is ideal for anyone seeking growth, healing, and improved mental resilience."
,Chiropractic & Osteopathy,Pediatric Chiropractic Care,Offline,20 min,800,,Pediatric Chiropractic Care is a 20 min session available offline under our Chiropractic & Osteopathy services.,"Our Pediatric Chiropractic Care offers personalized support designed to enhance well-being within the area of Chiropractic & Osteopathy. This 20 min session, available offline, is structured to provide guidance, therapeutic tools, and practical strategies tailored to individual needs. Through a compassionate and professional approach, clients can explore challenges, gain clarity, and develop healthier coping mechanisms. The service is ideal for anyone seeking growth, healing, and improved mental resilience."
,Chiropractic & Osteopathy,Postural Analysis & Correction,Both,45-60 min,1500,,Postural Analysis & Correction is a 45-60 min session available both under our Chiropractic & Osteopathy services.,"Our Postural Analysis & Correction offers personalized support designed to enhance well-being within the area of Chiropractic & Osteopathy. This 45-60 min session, available both, is structured to provide guidance, therapeutic tools, and practical strategies tailored to individual needs. Through a compassionate and professional approach, clients can explore challenges, gain clarity, and develop healthier coping mechanisms. The service is ideal for anyone seeking growth, healing, and improved mental resilience."
,Chiropractic & Osteopathy,"Full Spine & Extremity
Adjustment",Offline,30 min,1000,,"Full Spine & Extremity
Adjustment is a 30 min session available offline under our Chiropractic &
Osteopathy services.","Our Full Spine & Extremity
Adjustment offers personalized support designed to enhance well-being within the area of Chiropractic &
Osteopathy. This 30 min session, available offline, is structured to provide guidance, therapeutic tools, and practical strategies tailored to individual needs. Through a compassionate and professional approach, clients can explore challenges, gain clarity, and develop healthier coping mechanisms. The service is ideal for anyone seeking growth, healing, and improved mental resilience."
,Chiropractic & Osteopathy,"Pelvic & Hip Pain
Treatment",Offline,30 min,900,,"Pelvic & Hip Pain
Treatment is a 30 min session available offline under our Chiropractic &
Osteopathy services.","Our Pelvic & Hip Pain
Treatment offers personalized support designed to enhance well-being within the area of Chiropractic &
Osteopathy. This 30 min session, available offline, is structured to provide guidance, therapeutic tools, and practical strategies tailored to individual needs. Through a compassionate and professional approach, clients can explore challenges, gain clarity, and develop healthier coping mechanisms. The service is ideal for anyone seeking growth, healing, and improved mental resilience."
,Chiropractic & Osteopathy,Wellness & Maintenanc e Adjustment,Offline,15 min,600,,Wellness & Maintenanc e Adjustment is a 15 min session available offline under our Chiropractic & Osteopathy services.,"Our Wellness & Maintenanc e Adjustment offers personalized support designed to enhance well-being within the area of Chiropractic & Osteopathy. This 15 min session, available offline, is structured to provide guidance, therapeutic tools, and practical strategies tailored to individual needs. Through a compassionate and professional approach, clients can explore challenges, gain clarity, and develop healthier coping mechanisms. The service is ideal for anyone seeking growth, healing, and improved mental resilience."
,Chiropractic & Osteopathy,Online Chiropractic Consultation,Online,30 min,700,,Online Chiropractic Consultation is a 30 min session available online under our Chiropractic & Osteopathy services.,"Our Online Chiropractic Consultation offers personalized support designed to enhance well-being within the area of Chiropractic & Osteopathy. This 30 min session, available online, is structured to provide guidance, therapeutic tools, and practical strategies tailored to individual needs. Through a compassionate and professional approach, clients can explore challenges, gain clarity, and develop healthier coping mechanisms. The service is ideal for anyone seeking growth, healing, and improved mental resilience."
,Chiropractic & Osteopathy,Shockwave Therapy,Offline,15 min,1200,,Shockwave Therapy is a 15 min session available offline under our Chiropractic & Osteopathy services.,"Our Shockwave Therapy offers personalized support designed to enhance well-being within the area of Chiropractic & Osteopathy. This 15 min session, available offline, is structured to provide guidance, therapeutic tools, and practical strategies tailored to individual needs. Through a compassionate and professional approach, clients can explore challenges, gain clarity, and develop healthier coping mechanisms. The service is ideal for anyone seeking growth, healing, and improved mental resilience."
,Chiropractic & Osteopathy,Muscle Trigger Point Therapy,Offline,20 min,700,,Muscle Trigger Point Therapy is a 20 min session available offline under our Chiropractic & Osteopathy services.,"Our Muscle Trigger Point Therapy offers personalized support designed to enhance well-being within the area of Chiropractic & Osteopathy. This 20 min session, available offline, is structured to provide guidance, therapeutic tools, and practical strategies tailored to individual needs. Through a compassionate and professional approach, clients can explore challenges, gain clarity, and develop healthier coping mechanisms. The service is ideal for anyone seeking growth, healing, and improved mental resilience."
,Chiropractic & Osteopathy,Functional Movement Screen,Offline,45 min,1500,,Functional Movement Screen is a 45 min session available offline under our Chiropractic & Osteopathy services.,"Our Functional Movement Screen offers personalized support designed to enhance well-being within the area of Chiropractic & Osteopathy. This 45 min session, available offline, is structured to provide guidance, therapeutic tools, and practical strategies tailored to individual needs. Through a compassionate and professional approach, clients can explore challenges, gain clarity, and develop healthier coping mechanisms. The service is ideal for anyone seeking growth, healing, and improved mental resilience."
,Ayurveda & Naturopathy,Initial Ayurvedic Consultation (Prakriti Analysis),Both,60 min,800,,Initial Ayurvedic Consultation (Prakriti Analysis) is a 60 min session available both under our Ayurveda & Naturopathy services.,"Our Initial Ayurvedic Consultation (Prakriti Analysis) offers personalized support designed to enhance well-being within the area of Ayurveda & Naturopathy. This 60 min session, available both, is structured to provide guidance, therapeutic tools, and practical strategies tailored to individual needs. Through a compassionate and professional approach, clients can explore challenges, gain clarity, and develop healthier coping mechanisms. The service is ideal for anyone seeking growth, healing, and improved mental resilience."
,Ayurveda & Naturopathy,Abhyangam (Full Body Massage),Offline,60 min,1000,,Abhyangam (Full Body Massage) is a 60 min session available offline under our Ayurveda & Naturopathy services.,"Our Abhyangam (Full Body Massage) offers personalized support designed to enhance well-being within the area of Ayurveda & Naturopathy. This 60 min session, available offline, is structured to provide guidance, therapeutic tools, and practical strategies tailored to individual needs. Through a compassionate and professional approach, clients can explore challenges, gain clarity, and develop healthier coping mechanisms. The service is ideal for anyone seeking growth, healing, and improved mental resilience."
,Ayurveda & Naturopathy,Shirodhara (Head Oil Treatment),Offline,45 min,1500,,Shirodhara (Head Oil Treatment) is a 45 min session available offline under our Ayurveda & Naturopathy services.,"Our Shirodhara (Head Oil Treatment) offers personalized support designed to enhance well-being within the area of Ayurveda & Naturopathy. This 45 min session, available offline, is structured to provide guidance, therapeutic tools, and practical strategies tailored to individual needs. Through a compassionate and professional approach, clients can explore challenges, gain clarity, and develop healthier coping mechanisms. The service is ideal for anyone seeking growth, healing, and improved mental resilience."
,Ayurveda & Naturopathy,Panchakar ma 7-day Detox Program,Offline,7 days,6000,,Panchakar ma 7-day Detox Program is a 7 days session available offline under our Ayurveda & Naturopathy services.,"Our Panchakar ma 7-day Detox Program offers personalized support designed to enhance well-being within the area of Ayurveda & Naturopathy. This 7 days session, available offline, is structured to provide guidance, therapeutic tools, and practical strategies tailored to individual needs. Through a compassionate and professional approach, clients can explore challenges, gain clarity, and develop healthier coping mechanisms. The service is ideal for anyone seeking growth, healing, and improved mental resilience."
,Ayurveda & Naturopathy,Panchakar ma 14-day Rejuvenati on Program,Offline,14 days,10500,,Panchakar ma 14-day Rejuvenati on Program is a 14 days session available offline under our Ayurveda & Naturopathy services.,"Our Panchakar ma 14-day Rejuvenati on Program offers personalized support designed to enhance well-being within the area of Ayurveda & Naturopathy. This 14 days session, available offline, is structured to provide guidance, therapeutic tools, and practical strategies tailored to individual needs. Through a compassionate and professional approach, clients can explore challenges, gain clarity, and develop healthier coping mechanisms. The service is ideal for anyone seeking growth, healing, and improved mental resilience."
,Ayurveda & Naturopathy,"Udwarthan am (Herbal Powder
Massage)",Offline,45 min,1200,,"Udwarthan am (Herbal Powder
Massage) is a 45 min session available offline under our Ayurveda & Naturopathy services.","Our Udwarthan am (Herbal Powder
Massage) offers personalized support designed to enhance well-being within the area of Ayurveda & Naturopathy. This 45 min session, available offline, is structured to provide guidance, therapeutic tools, and practical strategies tailored to individual needs. Through a compassionate and professional approach, clients can explore challenges, gain clarity, and develop healthier coping mechanisms. The service is ideal for anyone seeking growth, healing, and improved mental resilience."
,Ayurveda & Naturopathy,"Kizhi (Herbal Bolus
Therapy)",Offline,45 min,1400,,"Kizhi (Herbal Bolus
Therapy) is a 45 min session available offline under our Ayurveda & Naturopathy services.","Our Kizhi (Herbal Bolus
Therapy) offers personalized support designed to enhance well-being within the area of Ayurveda & Naturopathy. This 45 min session, available offline, is structured to provide guidance, therapeutic tools, and practical strategies tailored to individual needs. Through a compassionate and professional approach, clients can explore challenges, gain clarity, and develop healthier coping mechanisms. The service is ideal for anyone seeking growth, healing, and improved mental resilience."
,Ayurveda & Naturopathy,Nasya (Nasal Cleansing),Offline,30 min,700,,Nasya (Nasal Cleansing) is a 30 min session available offline under our Ayurveda & Naturopathy services.,"Our Nasya (Nasal Cleansing) offers personalized support designed to enhance well-being within the area of Ayurveda & Naturopathy. This 30 min session, available offline, is structured to provide guidance, therapeutic tools, and practical strategies tailored to individual needs. Through a compassionate and professional approach, clients can explore challenges, gain clarity, and develop healthier coping mechanisms. The service is ideal for anyone seeking growth, healing, and improved mental resilience."
,Ayurveda & Naturopathy,"Snehan (Oil Massage
for Joints)",Offline,30 min,800,,"Snehan (Oil Massage
for Joints) is a 30 min session available offline under our Ayurveda & Naturopathy services.","Our Snehan (Oil Massage
for Joints) offers personalized support designed to enhance well-being within the area of Ayurveda & Naturopathy. This 30 min session, available offline, is structured to provide guidance, therapeutic tools, and practical strategies tailored to individual needs. Through a compassionate and professional approach, clients can explore challenges, gain clarity, and develop healthier coping mechanisms. The service is ideal for anyone seeking growth, healing, and improved mental resilience."
,Ayurveda & Naturopathy,Basti (Herbal Enema),Offline,45 min,1200,,Basti (Herbal Enema) is a 45 min session available offline under our Ayurveda & Naturopathy services.,"Our Basti (Herbal Enema) offers personalized support designed to enhance well-being within the area of Ayurveda & Naturopathy. This 45 min session, available offline, is structured to provide guidance, therapeutic tools, and practical strategies tailored to individual needs. Through a compassionate and professional approach, clients can explore challenges, gain clarity, and develop healthier coping mechanisms. The service is ideal for anyone seeking growth, healing, and improved mental resilience."
,Ayurveda & Naturopathy,Ayurvedic Weight Management Program,Both,60 min,1600,,Ayurvedic Weight Management Program is a 60 min session available both under our Ayurveda & Naturopathy services.,"Our Ayurvedic Weight Management Program offers personalized support designed to enhance well-being within the area of Ayurveda & Naturopathy. This 60 min session, available both, is structured to provide guidance, therapeutic tools, and practical strategies tailored to individual needs. Through a compassionate and professional approach, clients can explore challenges, gain clarity, and develop healthier coping mechanisms. The service is ideal for anyone seeking growth, healing, and improved mental resilience."
,Ayurveda & Naturopathy,Detoxification & Rejuvenation Program,Both,60 min,1200,,Detoxification & Rejuvenation Program is a 60 min session available both under our Ayurveda & Naturopathy services.,"Our Detoxification & Rejuvenation Program offers personalized support designed to enhance well-being within the area of Ayurveda & Naturopathy. This 60 min session, available both, is structured to provide guidance, therapeutic tools, and practical strategies tailored to individual needs. Through a compassionate and professional approach, clients can explore challenges, gain clarity, and develop healthier coping mechanisms. The service is ideal for anyone seeking growth, healing, and improved mental resilience."
,Ayurveda & Naturopathy,Ayurvedic Skin & Hair Treatment,Offline,60 min,1400,,Ayurvedic Skin & Hair Treatment is a 60 min session available offline under our Ayurveda & Naturopathy services.,"Our Ayurvedic Skin & Hair Treatment offers personalized support designed to enhance well-being within the area of Ayurveda & Naturopathy. This 60 min session, available offline, is structured to provide guidance, therapeutic tools, and practical strategies tailored to individual needs. Through a compassionate and professional approach, clients can explore challenges, gain clarity, and develop healthier coping mechanisms. The service is ideal for anyone seeking growth, healing, and improved mental resilience."
,Ayurveda & Naturopathy,Ayurvedic Stress Management,Both,45 min,1200,,Ayurvedic Stress Management is a 45 min session available both under our Ayurveda & Naturopathy services.,"Our Ayurvedic Stress Management offers personalized support designed to enhance well-being within the area of Ayurveda & Naturopathy. This 45 min session, available both, is structured to provide guidance, therapeutic tools, and practical strategies tailored to individual needs. Through a compassionate and professional approach, clients can explore challenges, gain clarity, and develop healthier coping mechanisms. The service is ideal for anyone seeking growth, healing, and improved mental resilience."
,Ayurveda & Naturopathy,Herbal Poultice Therapy,Offline,30 min,800,,Herbal Poultice Therapy is a 30 min session available offline under our Ayurveda & Naturopathy services.,"Our Herbal Poultice Therapy offers personalized support designed to enhance well-being within the area of Ayurveda & Naturopathy. This 30 min session, available offline, is structured to provide guidance, therapeutic tools, and practical strategies tailored to individual needs. Through a compassionate and professional approach, clients can explore challenges, gain clarity, and develop healthier coping mechanisms. The service is ideal for anyone seeking growth, healing, and improved mental resilience."
,Ayurveda & Naturopathy,Marma Therapy (Vital Points Massage),Offline,60 min,1200,,Marma Therapy (Vital Points Massage) is a 60 min session available offline under our Ayurveda & Naturopathy services.,"Our Marma Therapy (Vital Points Massage) offers personalized support designed to enhance well-being within the area of Ayurveda & Naturopathy. This 60 min session, available offline, is structured to provide guidance, therapeutic tools, and practical strategies tailored to individual needs. Through a compassionate and professional approach, clients can explore challenges, gain clarity, and develop healthier coping mechanisms. The service is ideal for anyone seeking growth, healing, and improved mental resilience."
,Ayurveda & Naturopathy,Hatha Yoga Session,Both,60 min,600,,Hatha Yoga Session is a 60 min session available both under our Ayurveda & Naturopathy services.,"Our Hatha Yoga Session offers personalized support designed to enhance well-being within the area of Ayurveda & Naturopathy. This 60 min session, available both, is structured to provide guidance, therapeutic tools, and practical strategies tailored to individual needs. Through a compassionate and professional approach, clients can explore challenges, gain clarity, and develop healthier coping mechanisms. The service is ideal for anyone seeking growth, healing, and improved mental resilience."
,Ayurveda & Naturopathy,"Therapeutic Yoga for
Pain Relief",Both,60 min,600,,"Therapeutic Yoga for
Pain Relief is a 60 min session available both under our Ayurveda & Naturopathy services.","Our Therapeutic Yoga for
Pain Relief offers personalized support designed to enhance well-being within the area of Ayurveda & Naturopathy. This 60 min session, available both, is structured to provide guidance, therapeutic tools, and practical strategies tailored to individual needs. Through a compassionate and professional approach, clients can explore challenges, gain clarity, and develop healthier coping mechanisms. The service is ideal for anyone seeking growth, healing, and improved mental resilience."
,Ayurveda & Naturopathy,Pranayama & Meditation Class,Both,45 min,400,,Pranayama & Meditation Class is a 45 min session available both under our Ayurveda & Naturopathy services.,"Our Pranayama & Meditation Class offers personalized support designed to enhance well-being within the area of Ayurveda & Naturopathy. This 45 min session, available both, is structured to provide guidance, therapeutic tools, and practical strategies tailored to individual needs. Through a compassionate and professional approach, clients can explore challenges, gain clarity, and develop healthier coping mechanisms. The service is ideal for anyone seeking growth, healing, and improved mental resilience."
,Ayurveda & Naturopathy,"Customized Herbal Medicine &
Diet Plan",Both,30 min,700,,"Customized Herbal Medicine &
Diet Plan is a 30 min session available both under our Ayurveda & Naturopathy services.","Our Customized Herbal Medicine &
Diet Plan offers personalized support designed to enhance well-being within the area of Ayurveda & Naturopathy. This 30 min session, available both, is structured to provide guidance, therapeutic tools, and practical strategies tailored to individual needs. Through a compassionate and professional approach, clients can explore challenges, gain clarity, and develop healthier coping mechanisms. The service is ideal for anyone seeking growth, healing, and improved mental resilience."
,Aesthetic Dermatology,Initial Dermatology Consultation,Offline,30 min,800,,Initial Dermatology Consultation is a 30 min session available offline under our Aesthetic Dermatology services.,"Our Initial Dermatology Consultation offers personalized support designed to enhance well-being within the area of Aesthetic Dermatology. This 30 min session, available offline, is structured to provide guidance, therapeutic tools, and practical strategies tailored to individual needs. Through a compassionate and professional approach, clients can explore challenges, gain clarity, and develop healthier coping mechanisms. The service is ideal for anyone seeking growth, healing, and improved mental resilience."
,Aesthetic Dermatology,Acne Treatment & Scar Reduction,Offline,45 min,3000,,Acne Treatment & Scar Reduction is a 45 min session available offline under our Aesthetic Dermatology services.,"Our Acne Treatment & Scar Reduction offers personalized support designed to enhance well-being within the area of Aesthetic Dermatology. This 45 min session, available offline, is structured to provide guidance, therapeutic tools, and practical strategies tailored to individual needs. Through a compassionate and professional approach, clients can explore challenges, gain clarity, and develop healthier coping mechanisms. The service is ideal for anyone seeking growth, healing, and improved mental resilience."
,Aesthetic Dermatology,Chemical Peeling (Superficial/Medium),Offline,30 min,2500,,Chemical Peeling (Superficial/Medium) is a 30 min session available offline under our Aesthetic Dermatology services.,"Our Chemical Peeling (Superficial/Medium) offers personalized support designed to enhance well-being within the area of Aesthetic Dermatology. This 30 min session, available offline, is structured to provide guidance, therapeutic tools, and practical strategies tailored to individual needs. Through a compassionate and professional approach, clients can explore challenges, gain clarity, and develop healthier coping mechanisms. The service is ideal for anyone seeking growth, healing, and improved mental resilience."
,Aesthetic Dermatology,Laser Hair Removal (per session),Offline,30-60 min,1500,,Laser Hair Removal (per session) is a 30-60 min session available offline under our Aesthetic Dermatology services.,"Our Laser Hair Removal (per session) offers personalized support designed to enhance well-being within the area of Aesthetic Dermatology. This 30-60 min session, available offline, is structured to provide guidance, therapeutic tools, and practical strategies tailored to individual needs. Through a compassionate and professional approach, clients can explore challenges, gain clarity, and develop healthier coping mechanisms. The service is ideal for anyone seeking growth, healing, and improved mental resilience."
,Aesthetic Dermatology,Skin Rejuvenation Therapy,Offline,60 min,4500,,Skin Rejuvenation Therapy is a 60 min session available offline under our Aesthetic Dermatology services.,"Our Skin Rejuvenation Therapy offers personalized support designed to enhance well-being within the area of Aesthetic Dermatology. This 60 min session, available offline, is structured to provide guidance, therapeutic tools, and practical strategies tailored to individual needs. Through a compassionate and professional approach, clients can explore challenges, gain clarity, and develop healthier coping mechanisms. The service is ideal for anyone seeking growth, healing, and improved mental resilience."
,Aesthetic Dermatology,Microneedling,Offline,60 min,4000,,Microneedling is a 60 min session available offline under our Aesthetic Dermatology services.,"Our Microneedling offers personalized support designed to enhance well-being within the area of Aesthetic Dermatology. This 60 min session, available offline, is structured to provide guidance, therapeutic tools, and practical strategies tailored to individual needs. Through a compassionate and professional approach, clients can explore challenges, gain clarity, and develop healthier coping mechanisms. The service is ideal for anyone seeking growth, healing, and improved mental resilience."
,Aesthetic Dermatology,PRP for Hair Restoration,Offline,60 min,8000,,PRP for Hair Restoration is a 60 min session available offline under our Aesthetic Dermatology services.,"Our PRP for Hair Restoration offers personalized support designed to enhance well-being within the area of Aesthetic Dermatology. This 60 min session, available offline, is structured to provide guidance, therapeutic tools, and practical strategies tailored to individual needs. Through a compassionate and professional approach, clients can explore challenges, gain clarity, and develop healthier coping mechanisms. The service is ideal for anyone seeking growth, healing, and improved mental resilience."
,Aesthetic Dermatology,"Skin Pigmentation & Melasma
Treatment",Offline,45 min,3500,,"Skin Pigmentation & Melasma
Treatment is a 45 min session available offline under our Aesthetic Dermatology services.","Our Skin Pigmentation & Melasma
Treatment offers personalized support designed to enhance well-being within the area of Aesthetic Dermatology. This 45 min session, available offline, is structured to provide guidance, therapeutic tools, and practical strategies tailored to individual needs. Through a compassionate and professional approach, clients can explore challenges, gain clarity, and develop healthier coping mechanisms. The service is ideal for anyone seeking growth, healing, and improved mental resilience."
,Aesthetic Dermatology,"Anti-aging & Wrinkle
Reduction",Offline,60 min,4500,,"Anti-aging & Wrinkle
Reduction is a 60 min session available offline under our Aesthetic Dermatology services.","Our Anti-aging & Wrinkle
Reduction offers personalized support designed to enhance well-being within the area of Aesthetic Dermatology. This 60 min session, available offline, is structured to provide guidance, therapeutic tools, and practical strategies tailored to individual needs. Through a compassionate and professional approach, clients can explore challenges, gain clarity, and develop healthier coping mechanisms. The service is ideal for anyone seeking growth, healing, and improved mental resilience."
,Aesthetic Dermatology,Dermal Fillers (per syringe),Offline,30-60 min,8000,,Dermal Fillers (per syringe) is a 30-60 min session available offline under our Aesthetic Dermatology services.,"Our Dermal Fillers (per syringe) offers personalized support designed to enhance well-being within the area of Aesthetic Dermatology. This 30-60 min session, available offline, is structured to provide guidance, therapeutic tools, and practical strategies tailored to individual needs. Through a compassionate and professional approach, clients can explore challenges, gain clarity, and develop healthier coping mechanisms. The service is ideal for anyone seeking growth, healing, and improved mental resilience."
,Aesthetic Dermatology,Botox (per unit),Offline,15 min,1200,,Botox (per unit) is a 15 min session available offline under our Aesthetic Dermatology services.,"Our Botox (per unit) offers personalized support designed to enhance well-being within the area of Aesthetic Dermatology. This 15 min session, available offline, is structured to provide guidance, therapeutic tools, and practical strategies tailored to individual needs. Through a compassionate and professional approach, clients can explore challenges, gain clarity, and develop healthier coping mechanisms. The service is ideal for anyone seeking growth, healing, and improved mental resilience."
,Aesthetic Dermatology,"Body Contouring & Fat
Reduction",Offline,60 min,6500,,"Body Contouring & Fat
Reduction is a 60 min session available offline under our Aesthetic Dermatology services.","Our Body Contouring & Fat
Reduction offers personalized support designed to enhance well-being within the area of Aesthetic Dermatology. This 60 min session, available offline, is structured to provide guidance, therapeutic tools, and practical strategies tailored to individual needs. Through a compassionate and professional approach, clients can explore challenges, gain clarity, and develop healthier coping mechanisms. The service is ideal for anyone seeking growth, healing, and improved mental resilience."
,Aesthetic Dermatology,Mole & Skin Tag Removal,Offline,15-30 min,3000,,Mole & Skin Tag Removal is a 15-30 min session available offline under our Aesthetic Dermatology services.,"Our Mole & Skin Tag Removal offers personalized support designed to enhance well-being within the area of Aesthetic Dermatology. This 15-30 min session, available offline, is structured to provide guidance, therapeutic tools, and practical strategies tailored to individual needs. Through a compassionate and professional approach, clients can explore challenges, gain clarity, and develop healthier coping mechanisms. The service is ideal for anyone seeking growth, healing, and improved mental resilience."
,Aesthetic Dermatology,"Facial Glow & Hydration
Treatments",Offline,45 min,2600,,"Facial Glow & Hydration
Treatments is a 45 min session available offline under our Aesthetic Dermatology services.","Our Facial Glow & Hydration
Treatments offers personalized support designed to enhance well-being within the area of Aesthetic Dermatology. This 45 min session, available offline, is structured to provide guidance, therapeutic tools, and practical strategies tailored to individual needs. Through a compassionate and professional approach, clients can explore challenges, gain clarity, and develop healthier coping mechanisms. The service is ideal for anyone seeking growth, healing, and improved mental resilience."
,Aesthetic Dermatology,"Wart & Corn
Removal",Offline,15 min,2500,,"Wart & Corn
Removal is a 15 min session available offline under our Aesthetic Dermatology services.","Our Wart & Corn
Removal offers personalized support designed to enhance well-being within the area of Aesthetic Dermatology. This 15 min session, available offline, is structured to provide guidance, therapeutic tools, and practical strategies tailored to individual needs. Through a compassionate and professional approach, clients can explore challenges, gain clarity, and develop healthier coping mechanisms. The service is ideal for anyone seeking growth, healing, and improved mental resilience."
,Aesthetic Dermatology,"Cosmetic ""Peels for Body""",Offline,60 min,4000,,"Cosmetic ""Peels for Body"" is a 60 min session available offline under our Aesthetic Dermatology services.","Our Cosmetic ""Peels for Body"" offers personalized support designed to enhance well-being within the area of Aesthetic Dermatology. This 60 min session, available offline, is structured to provide guidance, therapeutic tools, and practical strategies tailored to individual needs. Through a compassionate and professional approach, clients can explore challenges, gain clarity, and develop healthier coping mechanisms. The service is ideal for anyone seeking growth, healing, and improved mental resilience."
,Aesthetic Dermatology,"Laser Tattoo Removal (per
session)",Offline,30-60 min,3500,,"Laser Tattoo Removal (per
session) is a 30-60 min session available offline under our Aesthetic Dermatology services.","Our Laser Tattoo Removal (per
session) offers personalized support designed to enhance well-being within the area of Aesthetic Dermatology. This 30-60 min session, available offline, is structured to provide guidance, therapeutic tools, and practical strategies tailored to individual needs. Through a compassionate and professional approach, clients can explore challenges, gain clarity, and develop healthier coping mechanisms. The service is ideal for anyone seeking growth, healing, and improved mental resilience."
,Aesthetic Dermatology,"Stretch Mark
Reduction",Offline,60 min,4000,,"Stretch Mark
Reduction is a 60 min session available offline under our Aesthetic Dermatology services.","Our Stretch Mark
Reduction offers personalized support designed to enhance well-being within the area of Aesthetic Dermatology. This 60 min session, available offline, is structured to provide guidance, therapeutic tools, and practical strategies tailored to individual needs. Through a compassionate and professional approach, clients can explore challenges, gain clarity, and develop healthier coping mechanisms. The service is ideal for anyone seeking growth, healing, and improved mental resilience."
,Aesthetic Dermatology,Medifacial (Specific concerns),Offline,60 min,3000,,Medifacial (Specific concerns) is a 60 min session available offline under our Aesthetic Dermatology services.,"Our Medifacial (Specific concerns) offers personalized support designed to enhance well-being within the area of Aesthetic Dermatology. This 60 min session, available offline, is structured to provide guidance, therapeutic tools, and practical strategies tailored to individual needs. Through a compassionate and professional approach, clients can explore challenges, gain clarity, and develop healthier coping mechanisms. The service is ideal for anyone seeking growth, healing, and improved mental resilience."
,Aesthetic Dermatology,Online Aesthetic Skin Care Plan,Online,30 min,199,,Online Aesthetic Skin Care Plan is a 30 min session available online under our Aesthetic Dermatology services.,"Our Online Aesthetic Skin Care Plan offers personalized support designed to enhance well-being within the area of Aesthetic Dermatology. This 30 min session, available online, is structured to provide guidance, therapeutic tools, and practical strategies tailored to individual needs. Through a compassionate and professional approach, clients can explore challenges, gain clarity, and develop healthier coping mechanisms. The service is ideal for anyone seeking growth, healing, and improved mental resilience."
,Nutrition & Dietetics,Initial Nutrition Consultation,Both,60 min,"1,000",,Initial Nutrition Consultation is a 60 min session available both under our Nutrition & Dietetics services.,"Our Initial Nutrition Consultation offers personalized support designed to enhance well-being within the area of Nutrition & Dietetics. This 60 min session, available both, is structured to provide guidance, therapeutic tools, and practical strategies tailored to individual needs. Through a compassionate and professional approach, clients can explore challenges, gain clarity, and develop healthier coping mechanisms. The service is ideal for anyone seeking growth, healing, and improved mental resilience."
,Nutrition & Dietetics,Weight Manageme nt Program,Both,45 min,1500,,Weight Manageme nt Program is a 45 min session available both under our Nutrition & Dietetics services.,"Our Weight Manageme nt Program offers personalized support designed to enhance well-being within the area of Nutrition & Dietetics. This 45 min session, available both, is structured to provide guidance, therapeutic tools, and practical strategies tailored to individual needs. Through a compassionate and professional approach, clients can explore challenges, gain clarity, and develop healthier coping mechanisms. The service is ideal for anyone seeking growth, healing, and improved mental resilience."
,Nutrition & Dietetics,Clinical Nutrition for specific conditions,Both,45 min,1400,,Clinical Nutrition for specific conditions is a 45 min session available both under our Nutrition & Dietetics services.,"Our Clinical Nutrition for specific conditions offers personalized support designed to enhance well-being within the area of Nutrition & Dietetics. This 45 min session, available both, is structured to provide guidance, therapeutic tools, and practical strategies tailored to individual needs. Through a compassionate and professional approach, clients can explore challenges, gain clarity, and develop healthier coping mechanisms. The service is ideal for anyone seeking growth, healing, and improved mental resilience."
,Nutrition & Dietetics,Personalized Diet Plan Creation,Both,30 min,"1,800",,Personalized Diet Plan Creation is a 30 min session available both under our Nutrition & Dietetics services.,"Our Personalized Diet Plan Creation offers personalized support designed to enhance well-being within the area of Nutrition & Dietetics. This 30 min session, available both, is structured to provide guidance, therapeutic tools, and practical strategies tailored to individual needs. Through a compassionate and professional approach, clients can explore challenges, gain clarity, and develop healthier coping mechanisms. The service is ideal for anyone seeking growth, healing, and improved mental resilience."
,Nutrition & Dietetics,Sports Nutrition Consultation,Both,60 min,"1,200",,Sports Nutrition Consultation is a 60 min session available both under our Nutrition & Dietetics services.,"Our Sports Nutrition Consultation offers personalized support designed to enhance well-being within the area of Nutrition & Dietetics. This 60 min session, available both, is structured to provide guidance, therapeutic tools, and practical strategies tailored to individual needs. Through a compassionate and professional approach, clients can explore challenges, gain clarity, and develop healthier coping mechanisms. The service is ideal for anyone seeking growth, healing, and improved mental resilience."
,Nutrition & Dietetics,Pediatric Nutrition Counselling,Both,45 min,"1,000",,Pediatric Nutrition Counselling is a 45 min session available both under our Nutrition & Dietetics services.,"Our Pediatric Nutrition Counselling offers personalized support designed to enhance well-being within the area of Nutrition & Dietetics. This 45 min session, available both, is structured to provide guidance, therapeutic tools, and practical strategies tailored to individual needs. Through a compassionate and professional approach, clients can explore challenges, gain clarity, and develop healthier coping mechanisms. The service is ideal for anyone seeking growth, healing, and improved mental resilience."
,Nutrition & Dietetics,Pregnancy & Postpartum Nutrition,Both,45 min,"2,500",,Pregnancy & Postpartum Nutrition is a 45 min session available both under our Nutrition & Dietetics services.,"Our Pregnancy & Postpartum Nutrition offers personalized support designed to enhance well-being within the area of Nutrition & Dietetics. This 45 min session, available both, is structured to provide guidance, therapeutic tools, and practical strategies tailored to individual needs. Through a compassionate and professional approach, clients can explore challenges, gain clarity, and develop healthier coping mechanisms. The service is ideal for anyone seeking growth, healing, and improved mental resilience."
,Nutrition & Dietetics,Family Meal Planning Session,Both,60 min,"3,000",,Family Meal Planning Session is a 60 min session available both under our Nutrition & Dietetics services.,"Our Family Meal Planning Session offers personalized support designed to enhance well-being within the area of Nutrition & Dietetics. This 60 min session, available both, is structured to provide guidance, therapeutic tools, and practical strategies tailored to individual needs. Through a compassionate and professional approach, clients can explore challenges, gain clarity, and develop healthier coping mechanisms. The service is ideal for anyone seeking growth, healing, and improved mental resilience."
,Nutrition & Dietetics,Nutritional Assessment & Body Composition Analysis,Offline,30 min,800,,Nutritional Assessment & Body Composition Analysis is a 30 min session available offline under our Nutrition & Dietetics services.,"Our Nutritional Assessment & Body Composition Analysis offers personalized support designed to enhance well-being within the area of Nutrition & Dietetics. This 30 min session, available offline, is structured to provide guidance, therapeutic tools, and practical strategies tailored to individual needs. Through a compassionate and professional approach, clients can explore challenges, gain clarity, and develop healthier coping mechanisms. The service is ideal for anyone seeking growth, healing, and improved mental resilience."
,Nutrition & Dietetics,Group Nutrition Workshop,Both,90 min,"1,200",,Group Nutrition Workshop is a 90 min session available both under our Nutrition & Dietetics services.,"Our Group Nutrition Workshop offers personalized support designed to enhance well-being within the area of Nutrition & Dietetics. This 90 min session, available both, is structured to provide guidance, therapeutic tools, and practical strategies tailored to individual needs. Through a compassionate and professional approach, clients can explore challenges, gain clarity, and develop healthier coping mechanisms. The service is ideal for anyone seeking growth, healing, and improved mental resilience."
,Nutrition & Dietetics,Gut Health & Microbiome Diet,Both,45 min,"1,000",,Gut Health & Microbiome Diet is a 45 min session available both under our Nutrition & Dietetics services.,"Our Gut Health & Microbiome Diet offers personalized support designed to enhance well-being within the area of Nutrition & Dietetics. This 45 min session, available both, is structured to provide guidance, therapeutic tools, and practical strategies tailored to individual needs. Through a compassionate and professional approach, clients can explore challenges, gain clarity, and develop healthier coping mechanisms. The service is ideal for anyone seeking growth, healing, and improved mental resilience."
,Nutrition & Dietetics,Vegetarian/ Vegan Diet Planning,Both,30 min,800,,Vegetarian/ Vegan Diet Planning is a 30 min session available both under our Nutrition & Dietetics services.,"Our Vegetarian/ Vegan Diet Planning offers personalized support designed to enhance well-being within the area of Nutrition & Dietetics. This 30 min session, available both, is structured to provide guidance, therapeutic tools, and practical strategies tailored to individual needs. Through a compassionate and professional approach, clients can explore challenges, gain clarity, and develop healthier coping mechanisms. The service is ideal for anyone seeking growth, healing, and improved mental resilience."
,Nutrition & Dietetics,Senior Nutrition Counselling,Both,45 min,800,,Senior Nutrition Counselling is a 45 min session available both under our Nutrition & Dietetics services.,"Our Senior Nutrition Counselling offers personalized support designed to enhance well-being within the area of Nutrition & Dietetics. This 45 min session, available both, is structured to provide guidance, therapeutic tools, and practical strategies tailored to individual needs. Through a compassionate and professional approach, clients can explore challenges, gain clarity, and develop healthier coping mechanisms. The service is ideal for anyone seeking growth, healing, and improved mental resilience."
,Nutrition & Dietetics,"Food Allergy & Intolerance
Planning",Both,45 min,"1,000",,"Food Allergy & Intolerance
Planning is a 45 min session available both under our Nutrition & Dietetics services.","Our Food Allergy & Intolerance
Planning offers personalized support designed to enhance well-being within the area of Nutrition & Dietetics. This 45 min session, available both, is structured to provide guidance, therapeutic tools, and practical strategies tailored to individual needs. Through a compassionate and professional approach, clients can explore challenges, gain clarity, and develop healthier coping mechanisms. The service is ideal for anyone seeking growth, healing, and improved mental resilience."
,Nutrition & Dietetics,Weekly Diet Monitoring & Feedback,Online,15 min,-,,Weekly Diet Monitoring & Feedback is a 15 min session available online under our Nutrition & Dietetics services.,"Our Weekly Diet Monitoring & Feedback offers personalized support designed to enhance well-being within the area of Nutrition & Dietetics. This 15 min session, available online, is structured to provide guidance, therapeutic tools, and practical strategies tailored to individual needs. Through a compassionate and professional approach, clients can explore challenges, gain clarity, and develop healthier coping mechanisms. The service is ideal for anyone seeking growth, healing, and improved mental resilience."
,Nutrition & Dietetics,"Emotional Eating & Mindful Eating
Coaching",Both,45 min,"1,000",,"Emotional Eating & Mindful Eating
Coaching is a 45 min session available both under our Nutrition & Dietetics services.","Our Emotional Eating & Mindful Eating
Coaching offers personalized support designed to enhance well-being within the area of Nutrition & Dietetics. This 45 min session, available both, is structured to provide guidance, therapeutic tools, and practical strategies tailored to individual needs. Through a compassionate and professional approach, clients can explore challenges, gain clarity, and develop healthier coping mechanisms. The service is ideal for anyone seeking growth, healing, and improved mental resilience."
,Nutrition & Dietetics,"Corporate Nutrition Wellness
Programs",Offline,1-2 hours,"5,000",,"Corporate Nutrition Wellness
Programs is a 1-2 hours session available offline under our Nutrition & Dietetics services.","Our Corporate Nutrition Wellness
Programs offers personalized support designed to enhance well-being within the area of Nutrition & Dietetics. This 1-2 hours session, available offline, is structured to provide guidance, therapeutic tools, and practical strategies tailored to individual needs. Through a compassionate and professional approach, clients can explore challenges, gain clarity, and develop healthier coping mechanisms. The service is ideal for anyone seeking growth, healing, and improved mental resilience."
,Nutrition & Dietetics,"Personalized
Supplement Planning",Both,30 min,700,,"Personalized
Supplement Planning is a 30 min session available both under our Nutrition & Dietetics services.","Our Personalized
Supplement Planning offers personalized support designed to enhance well-being within the area of Nutrition & Dietetics. This 30 min session, available both, is structured to provide guidance, therapeutic tools, and practical strategies tailored to individual needs. Through a compassionate and professional approach, clients can explore challenges, gain clarity, and develop healthier coping mechanisms. The service is ideal for anyone seeking growth, healing, and improved mental resilience."
,Nutrition & Dietetics,Meal Prep & Recipe Consultation,Online,30 min,600,,Meal Prep & Recipe Consultation is a 30 min session available online under our Nutrition & Dietetics services.,"Our Meal Prep & Recipe Consultation offers personalized support designed to enhance well-being within the area of Nutrition & Dietetics. This 30 min session, available online, is structured to provide guidance, therapeutic tools, and practical strategies tailored to individual needs. Through a compassionate and professional approach, clients can explore challenges, gain clarity, and develop healthier coping mechanisms. The service is ideal for anyone seeking growth, healing, and improved mental resilience."
,Nutrition & Dietetics,"Sustainable Weight Loss
Program",Both,60 min,"1,200",,"Sustainable Weight Loss
Program is a 60 min session available both under our Nutrition & Dietetics services.","Our Sustainable Weight Loss
Program offers personalized support designed to enhance well-being within the area of Nutrition & Dietetics. This 60 min session, available both, is structured to provide guidance, therapeutic tools, and practical strategies tailored to individual needs. Through a compassionate and professional approach, clients can explore challenges, gain clarity, and develop healthier coping mechanisms. The service is ideal for anyone seeking growth, healing, and improved mental resilience."
,Beauty & Aesthetics,"Bespoke Facial
Treatment",Offline,60 min,"2,000",,"Bespoke Facial
Treatment is a 60 min session available offline under our Beauty & Aesthetics services.","Our Bespoke Facial
Treatment offers personalized support designed to enhance well-being within the area of Beauty & Aesthetics. This 60 min session, available offline, is structured to provide guidance, therapeutic tools, and practical strategies tailored to individual needs. Through a compassionate and professional approach, clients can explore challenges, gain clarity, and develop healthier coping mechanisms. The service is ideal for anyone seeking growth, healing, and improved mental resilience."
,Beauty & Aesthetics,Anti-Aging Facial,Offline,75 min,"3,000",,Anti-Aging Facial is a 75 min session available offline under our Beauty & Aesthetics services.,"Our Anti-Aging Facial offers personalized support designed to enhance well-being within the area of Beauty & Aesthetics. This 75 min session, available offline, is structured to provide guidance, therapeutic tools, and practical strategies tailored to individual needs. Through a compassionate and professional approach, clients can explore challenges, gain clarity, and develop healthier coping mechanisms. The service is ideal for anyone seeking growth, healing, and improved mental resilience."
,Beauty & Aesthetics,"Deep Cleansing
Facial",Offline,60 min,"1,500",,"Deep Cleansing
Facial is a 60 min session available offline under our Beauty & Aesthetics services.","Our Deep Cleansing
Facial offers personalized support designed to enhance well-being within the area of Beauty & Aesthetics. This 60 min session, available offline, is structured to provide guidance, therapeutic tools, and practical strategies tailored to individual needs. Through a compassionate and professional approach, clients can explore challenges, gain clarity, and develop healthier coping mechanisms. The service is ideal for anyone seeking growth, healing, and improved mental resilience."
,Beauty & Aesthetics,Bridal Skincare Package,Offline,,-,,Bridal Skincare Package is a customized duration session available offline under our Beauty & Aesthetics services.,"Our Bridal Skincare Package offers personalized support designed to enhance well-being within the area of Beauty & Aesthetics. This customized duration session, available offline, is structured to provide guidance, therapeutic tools, and practical strategies tailored to individual needs. Through a compassionate and professional approach, clients can explore challenges, gain clarity, and develop healthier coping mechanisms. The service is ideal for anyone seeking growth, healing, and improved mental resilience."
,Beauty & Aesthetics,Back Facial & Exfoliation,Offline,45 min,"1,800",,Back Facial & Exfoliation is a 45 min session available offline under our Beauty & Aesthetics services.,"Our Back Facial & Exfoliation offers personalized support designed to enhance well-being within the area of Beauty & Aesthetics. This 45 min session, available offline, is structured to provide guidance, therapeutic tools, and practical strategies tailored to individual needs. Through a compassionate and professional approach, clients can explore challenges, gain clarity, and develop healthier coping mechanisms. The service is ideal for anyone seeking growth, healing, and improved mental resilience."
,Beauty & Aesthetics,"Hand & Foot Rejuvenation
Treatment",Offline,30 min,"1,000",,"Hand & Foot Rejuvenation
Treatment is a 30 min session available offline under our Beauty & Aesthetics services.","Our Hand & Foot Rejuvenation
Treatment offers personalized support designed to enhance well-being within the area of Beauty & Aesthetics. This 30 min session, available offline, is structured to provide guidance, therapeutic tools, and practical strategies tailored to individual needs. Through a compassionate and professional approach, clients can explore challenges, gain clarity, and develop healthier coping mechanisms. The service is ideal for anyone seeking growth, healing, and improved mental resilience."
,Beauty & Aesthetics,Body Polish & Wrap,Offline,60 min,"2,500",,Body Polish & Wrap is a 60 min session available offline under our Beauty & Aesthetics services.,"Our Body Polish & Wrap offers personalized support designed to enhance well-being within the area of Beauty & Aesthetics. This 60 min session, available offline, is structured to provide guidance, therapeutic tools, and practical strategies tailored to individual needs. Through a compassionate and professional approach, clients can explore challenges, gain clarity, and develop healthier coping mechanisms. The service is ideal for anyone seeking growth, healing, and improved mental resilience."
,Beauty & Aesthetics,Hydrating Body Treatment,Offline,60 min,"2,000",,Hydrating Body Treatment is a 60 min session available offline under our Beauty & Aesthetics services.,"Our Hydrating Body Treatment offers personalized support designed to enhance well-being within the area of Beauty & Aesthetics. This 60 min session, available offline, is structured to provide guidance, therapeutic tools, and practical strategies tailored to individual needs. Through a compassionate and professional approach, clients can explore challenges, gain clarity, and develop healthier coping mechanisms. The service is ideal for anyone seeking growth, healing, and improved mental resilience."
,Beauty & Aesthetics,Customized Body Massage (Aromatherapy),Offline,60 min,"1,500",,Customized Body Massage (Aromatherapy) is a 60 min session available offline under our Beauty & Aesthetics services.,"Our Customized Body Massage (Aromatherapy) offers personalized support designed to enhance well-being within the area of Beauty & Aesthetics. This 60 min session, available offline, is structured to provide guidance, therapeutic tools, and practical strategies tailored to individual needs. Through a compassionate and professional approach, clients can explore challenges, gain clarity, and develop healthier coping mechanisms. The service is ideal for anyone seeking growth, healing, and improved mental resilience."
,Beauty & Aesthetics,"Medi-Facial
",Offline,60 min,"3,000",,"Medi-Facial
 is a 60 min session available offline under our Beauty &
Aesthetics services.","Our Medi-Facial
 offers personalized support designed to enhance well-being within the area of Beauty &
Aesthetics. This 60 min session, available offline, is structured to provide guidance, therapeutic tools, and practical strategies tailored to individual needs. Through a compassionate and professional approach, clients can explore challenges, gain clarity, and develop healthier coping mechanisms. The service is ideal for anyone seeking growth, healing, and improved mental resilience."
,Yoga & Mindfulness,"Private Yoga
Session",Both,60 min,800,,"Private Yoga
Session is a 60 min session available both under our Yoga & Mindfulness services.","Our Private Yoga
Session offers personalized support designed to enhance well-being within the area of Yoga & Mindfulness. This 60 min session, available both, is structured to provide guidance, therapeutic tools, and practical strategies tailored to individual needs. Through a compassionate and professional approach, clients can explore challenges, gain clarity, and develop healthier coping mechanisms. The service is ideal for anyone seeking growth, healing, and improved mental resilience."
,Yoga & Mindfulness,Therapeutic Yoga for Chronic Pain,Both,60 min,900,,Therapeutic Yoga for Chronic Pain is a 60 min session available both under our Yoga & Mindfulness services.,"Our Therapeutic Yoga for Chronic Pain offers personalized support designed to enhance well-being within the area of Yoga & Mindfulness. This 60 min session, available both, is structured to provide guidance, therapeutic tools, and practical strategies tailored to individual needs. Through a compassionate and professional approach, clients can explore challenges, gain clarity, and develop healthier coping mechanisms. The service is ideal for anyone seeking growth, healing, and improved mental resilience."
,Yoga & Mindfulness,"Yoga for Anxiety &
Depression",Both,60 min,800,,"Yoga for Anxiety &
Depression is a 60 min session available both under our Yoga & Mindfulness services.","Our Yoga for Anxiety &
Depression offers personalized support designed to enhance well-being within the area of Yoga & Mindfulness. This 60 min session, available both, is structured to provide guidance, therapeutic tools, and practical strategies tailored to individual needs. Through a compassionate and professional approach, clients can explore challenges, gain clarity, and develop healthier coping mechanisms. The service is ideal for anyone seeking growth, healing, and improved mental resilience."
,Yoga & Mindfulness,Pranayama & Breathwork Coaching,Both,45 min,600,,Pranayama & Breathwork Coaching is a 45 min session available both under our Yoga & Mindfulness services.,"Our Pranayama & Breathwork Coaching offers personalized support designed to enhance well-being within the area of Yoga & Mindfulness. This 45 min session, available both, is structured to provide guidance, therapeutic tools, and practical strategies tailored to individual needs. Through a compassionate and professional approach, clients can explore challenges, gain clarity, and develop healthier coping mechanisms. The service is ideal for anyone seeking growth, healing, and improved mental resilience."
,Yoga & Mindfulness,"Guided Meditation
Session",Both,30 min,400,,"Guided Meditation
Session is a 30 min session available both under our Yoga & Mindfulness services.","Our Guided Meditation
Session offers personalized support designed to enhance well-being within the area of Yoga & Mindfulness. This 30 min session, available both, is structured to provide guidance, therapeutic tools, and practical strategies tailored to individual needs. Through a compassionate and professional approach, clients can explore challenges, gain clarity, and develop healthier coping mechanisms. The service is ideal for anyone seeking growth, healing, and improved mental resilience."
,Yoga & Mindfulness,Restorative Yoga for Stress Relief,Both,60 min,700,,Restorative Yoga for Stress Relief is a 60 min session available both under our Yoga & Mindfulness services.,"Our Restorative Yoga for Stress Relief offers personalized support designed to enhance well-being within the area of Yoga & Mindfulness. This 60 min session, available both, is structured to provide guidance, therapeutic tools, and practical strategies tailored to individual needs. Through a compassionate and professional approach, clients can explore challenges, gain clarity, and develop healthier coping mechanisms. The service is ideal for anyone seeking growth, healing, and improved mental resilience."
,Yoga & Mindfulness,"Corporate Yoga & Meditation
Session",Both,60-90 min,"3,000",,"Corporate Yoga & Meditation
Session is a 60-90 min session available both under our Yoga & Mindfulness services.","Our Corporate Yoga & Meditation
Session offers personalized support designed to enhance well-being within the area of Yoga & Mindfulness. This 60-90 min session, available both, is structured to provide guidance, therapeutic tools, and practical strategies tailored to individual needs. Through a compassionate and professional approach, clients can explore challenges, gain clarity, and develop healthier coping mechanisms. The service is ideal for anyone seeking growth, healing, and improved mental resilience."
,Yoga & Mindfulness,"Yoga for Senior
Citizens",Both,45 min,600,,"Yoga for Senior
Citizens is a 45 min session available both under our Yoga & Mindfulness services.","Our Yoga for Senior
Citizens offers personalized support designed to enhance well-being within the area of Yoga & Mindfulness. This 45 min session, available both, is structured to provide guidance, therapeutic tools, and practical strategies tailored to individual needs. Through a compassionate and professional approach, clients can explore challenges, gain clarity, and develop healthier coping mechanisms. The service is ideal for anyone seeking growth, healing, and improved mental resilience."
,Yoga & Mindfulness,Pre-natal Yoga,Both,60 min,800,,Pre-natal Yoga is a 60 min session available both under our Yoga & Mindfulness services.,"Our Pre-natal Yoga offers personalized support designed to enhance well-being within the area of Yoga & Mindfulness. This 60 min session, available both, is structured to provide guidance, therapeutic tools, and practical strategies tailored to individual needs. Through a compassionate and professional approach, clients can explore challenges, gain clarity, and develop healthier coping mechanisms. The service is ideal for anyone seeking growth, healing, and improved mental resilience."
,Yoga & Mindfulness,Post-natal Yoga,Both,60 min,800,,Post-natal Yoga is a 60 min session available both under our Yoga & Mindfulness services.,"Our Post-natal Yoga offers personalized support designed to enhance well-being within the area of Yoga & Mindfulness. This 60 min session, available both, is structured to provide guidance, therapeutic tools, and practical strategies tailored to individual needs. Through a compassionate and professional approach, clients can explore challenges, gain clarity, and develop healthier coping mechanisms. The service is ideal for anyone seeking growth, healing, and improved mental resilience."
,Holistic Wellness Packages,"Mind & Body Rejuvenati on
(1-week)",Both,7 days,-,,"Mind & Body Rejuvenati on
(1-week) is a 7 days session available both under our Holistic Wellness Packages services.","Our Mind & Body Rejuvenati on
(1-week) offers personalized support designed to enhance well-being within the area of Holistic Wellness Packages. This 7 days session, available both, is structured to provide guidance, therapeutic tools, and practical strategies tailored to individual needs. Through a compassionate and professional approach, clients can explore challenges, gain clarity, and develop healthier coping mechanisms. The service is ideal for anyone seeking growth, healing, and improved mental resilience."
,Holistic Wellness Packages,Ultimate Detox & Cleanse (2-weeks),Both,14 days,-,,Ultimate Detox & Cleanse (2-weeks) is a 14 days session available both under our Holistic Wellness Packages services.,"Our Ultimate Detox & Cleanse (2-weeks) offers personalized support designed to enhance well-being within the area of Holistic Wellness Packages. This 14 days session, available both, is structured to provide guidance, therapeutic tools, and practical strategies tailored to individual needs. Through a compassionate and professional approach, clients can explore challenges, gain clarity, and develop healthier coping mechanisms. The service is ideal for anyone seeking growth, healing, and improved mental resilience."
,Holistic Wellness Packages,"Weight Loss Transforma tion
(1-month)",Both,30 days,-,,"Weight Loss Transforma tion
(1-month) is a 30 days session available both under our Holistic Wellness Packages services.","Our Weight Loss Transforma tion
(1-month) offers personalized support designed to enhance well-being within the area of Holistic Wellness Packages. This 30 days session, available both, is structured to provide guidance, therapeutic tools, and practical strategies tailored to individual needs. Through a compassionate and professional approach, clients can explore challenges, gain clarity, and develop healthier coping mechanisms. The service is ideal for anyone seeking growth, healing, and improved mental resilience."
,Holistic Wellness Packages,Stress & Burnout Recovery (1-month),Both,30 days,-,,Stress & Burnout Recovery (1-month) is a 30 days session available both under our Holistic Wellness Packages services.,"Our Stress & Burnout Recovery (1-month) offers personalized support designed to enhance well-being within the area of Holistic Wellness Packages. This 30 days session, available both, is structured to provide guidance, therapeutic tools, and practical strategies tailored to individual needs. Through a compassionate and professional approach, clients can explore challenges, gain clarity, and develop healthier coping mechanisms. The service is ideal for anyone seeking growth, healing, and improved mental resilience."
,Holistic Wellness Packages,"Holistic Pain Manageme nt
(1-month)",Both,30 days,-,,"Holistic Pain Manageme nt
(1-month) is a 30 days session available both under our Holistic Wellness Packages services.","Our Holistic Pain Manageme nt
(1-month) offers personalized support designed to enhance well-being within the area of Holistic Wellness Packages. This 30 days session, available both, is structured to provide guidance, therapeutic tools, and practical strategies tailored to individual needs. Through a compassionate and professional approach, clients can explore challenges, gain clarity, and develop healthier coping mechanisms. The service is ideal for anyone seeking growth, healing, and improved mental resilience."
,Holistic Wellness Packages,"Posture & Core Strengtheni ng
(3-months)",Both,90 days,-,,"Posture & Core Strengtheni ng
(3-months) is a 90 days session available both under our Holistic Wellness Packages services.","Our Posture & Core Strengtheni ng
(3-months) offers personalized support designed to enhance well-being within the area of Holistic Wellness Packages. This 90 days session, available both, is structured to provide guidance, therapeutic tools, and practical strategies tailored to individual needs. Through a compassionate and professional approach, clients can explore challenges, gain clarity, and develop healthier coping mechanisms. The service is ideal for anyone seeking growth, healing, and improved mental resilience."
,Holistic Wellness Packages,Bridal Glow & Wellness (2-months),Both,60 days,-,,Bridal Glow & Wellness (2-months) is a 60 days session available both under our Holistic Wellness Packages services.,"Our Bridal Glow & Wellness (2-months) offers personalized support designed to enhance well-being within the area of Holistic Wellness Packages. This 60 days session, available both, is structured to provide guidance, therapeutic tools, and practical strategies tailored to individual needs. Through a compassionate and professional approach, clients can explore challenges, gain clarity, and develop healthier coping mechanisms. The service is ideal for anyone seeking growth, healing, and improved mental resilience."
,Holistic Wellness Packages,"Couples Wellness & Harmony
(1-month)",Both,30 days,-,,"Couples Wellness & Harmony
(1-month) is a 30 days session available both under our Holistic Wellness Packages services.","Our Couples Wellness & Harmony
(1-month) offers personalized support designed to enhance well-being within the area of Holistic Wellness Packages. This 30 days session, available both, is structured to provide guidance, therapeutic tools, and practical strategies tailored to individual needs. Through a compassionate and professional approach, clients can explore challenges, gain clarity, and develop healthier coping mechanisms. The service is ideal for anyone seeking growth, healing, and improved mental resilience."
,Holistic Wellness Packages,Senior Citizen Wellness (Monthly),Both,30 days,-,,Senior Citizen Wellness (Monthly) is a 30 days session available both under our Holistic Wellness Packages services.,"Our Senior Citizen Wellness (Monthly) offers personalized support designed to enhance well-being within the area of Holistic Wellness Packages. This 30 days session, available both, is structured to provide guidance, therapeutic tools, and practical strategies tailored to individual needs. Through a compassionate and professional approach, clients can explore challenges, gain clarity, and develop healthier coping mechanisms. The service is ideal for anyone seeking growth, healing, and improved mental resilience."
,Holistic Wellness Packages,Corporate Wellness Subscriptio n,Both,Monthly,-,,Corporate Wellness Subscriptio n is a monthly session available both under our Holistic Wellness Packages services.,"Our Corporate Wellness Subscriptio n offers personalized support designed to enhance well-being within the area of Holistic Wellness Packages. This monthly session, available both, is structured to provide guidance, therapeutic tools, and practical strategies tailored to individual needs. Through a compassionate and professional approach, clients can explore challenges, gain clarity, and develop healthier coping mechanisms. The service is ideal for anyone seeking growth, healing, and improved mental resilience."
,Meditation & Breathwork,One-on-on e Meditation Coaching,Both,45 min,700,,One-on-on e Meditation Coaching is a 45 min session available both under our Meditation & Breathwork services.,"Our One-on-on e Meditation Coaching offers personalized support designed to enhance well-being within the area of Meditation & Breathwork. This 45 min session, available both, is structured to provide guidance, therapeutic tools, and practical strategies tailored to individual needs. Through a compassionate and professional approach, clients can explore challenges, gain clarity, and develop healthier coping mechanisms. The service is ideal for anyone seeking growth, healing, and improved mental resilience."
,Meditation & Breathwork,"Group Meditation
Class",Both,60 min,400,,"Group Meditation
Class is a 60 min session available both under our Meditation &
Breathwork services.","Our Group Meditation
Class offers personalized support designed to enhance well-being within the area of Meditation &
Breathwork. This 60 min session, available both, is structured to provide guidance, therapeutic tools, and practical strategies tailored to individual needs. Through a compassionate and professional approach, clients can explore challenges, gain clarity, and develop healthier coping mechanisms. The service is ideal for anyone seeking growth, healing, and improved mental resilience."
,Meditation & Breathwork,Chakra Healing & Balancing,Offline,45 min,1200,,Chakra Healing & Balancing is a 45 min session available offline under our Meditation & Breathwork services.,"Our Chakra Healing & Balancing offers personalized support designed to enhance well-being within the area of Meditation & Breathwork. This 45 min session, available offline, is structured to provide guidance, therapeutic tools, and practical strategies tailored to individual needs. Through a compassionate and professional approach, clients can explore challenges, gain clarity, and develop healthier coping mechanisms. The service is ideal for anyone seeking growth, healing, and improved mental resilience."
,Meditation & Breathwork,Sound Bath Therapy,Offline,60 min,1000,,Sound Bath Therapy is a 60 min session available offline under our Meditation & Breathwork services.,"Our Sound Bath Therapy offers personalized support designed to enhance well-being within the area of Meditation & Breathwork. This 60 min session, available offline, is structured to provide guidance, therapeutic tools, and practical strategies tailored to individual needs. Through a compassionate and professional approach, clients can explore challenges, gain clarity, and develop healthier coping mechanisms. The service is ideal for anyone seeking growth, healing, and improved mental resilience."
,Meditation & Breathwork,"Stress Relief Breathwork
Session",Both,30 min,800,,"Stress Relief Breathwork
Session is a 30 min session available both under our Meditation & Breathwork services.","Our Stress Relief Breathwork
Session offers personalized support designed to enhance well-being within the area of Meditation & Breathwork. This 30 min session, available both, is structured to provide guidance, therapeutic tools, and practical strategies tailored to individual needs. Through a compassionate and professional approach, clients can explore challenges, gain clarity, and develop healthier coping mechanisms. The service is ideal for anyone seeking growth, healing, and improved mental resilience."
,Specialized Therapies,Acupressure Session,Offline,45 min,800,,Acupressure Session is a 45 min session available offline under our Specialized Therapies services.,"Our Acupressure Session offers personalized support designed to enhance well-being within the area of Specialized Therapies. This 45 min session, available offline, is structured to provide guidance, therapeutic tools, and practical strategies tailored to individual needs. Through a compassionate and professional approach, clients can explore challenges, gain clarity, and develop healthier coping mechanisms. The service is ideal for anyone seeking growth, healing, and improved mental resilience."
,Specialized Therapies,"Reflexology (Foot &
Hand)",Offline,30 min,800,,"Reflexology (Foot &
Hand) is a 30 min session available offline under our Specialized Therapies services.","Our Reflexology (Foot &
Hand) offers personalized support designed to enhance well-being within the area of Specialized Therapies. This 30 min session, available offline, is structured to provide guidance, therapeutic tools, and practical strategies tailored to individual needs. Through a compassionate and professional approach, clients can explore challenges, gain clarity, and develop healthier coping mechanisms. The service is ideal for anyone seeking growth, healing, and improved mental resilience."
,Specialized Therapies,Aromathera py Massage,Offline,60 min,1600,,Aromathera py Massage is a 60 min session available offline under our Specialized Therapies services.,"Our Aromathera py Massage offers personalized support designed to enhance well-being within the area of Specialized Therapies. This 60 min session, available offline, is structured to provide guidance, therapeutic tools, and practical strategies tailored to individual needs. Through a compassionate and professional approach, clients can explore challenges, gain clarity, and develop healthier coping mechanisms. The service is ideal for anyone seeking growth, healing, and improved mental resilience."
,Specialized Therapies,Hijama (Cupping Therapy),Offline,45 min,1200,,Hijama (Cupping Therapy) is a 45 min session available offline under our Specialized Therapies services.,"Our Hijama (Cupping Therapy) offers personalized support designed to enhance well-being within the area of Specialized Therapies. This 45 min session, available offline, is structured to provide guidance, therapeutic tools, and practical strategies tailored to individual needs. Through a compassionate and professional approach, clients can explore challenges, gain clarity, and develop healthier coping mechanisms. The service is ideal for anyone seeking growth, healing, and improved mental resilience."
,Specialized Therapies,Guided Hypnotherapy,Both,60 min,1800,,Guided Hypnotherapy is a 60 min session available both under our Specialized Therapies services.,"Our Guided Hypnotherapy offers personalized support designed to enhance well-being within the area of Specialized Therapies. This 60 min session, available both, is structured to provide guidance, therapeutic tools, and practical strategies tailored to individual needs. Through a compassionate and professional approach, clients can explore challenges, gain clarity, and develop healthier coping mechanisms. The service is ideal for anyone seeking growth, healing, and improved mental resilience."
,Health & Wellness Screening,"Body Mass ""Index (BMI) & Body Fat
Analysis""",Offline,15 min,400,,"Body Mass ""Index (BMI) & Body Fat
Analysis"" is a 15 min session available offline under our Health & Wellness Screening services.","Our Body Mass ""Index (BMI) & Body Fat
Analysis"" offers personalized support designed to enhance well-being within the area of Health & Wellness Screening. This 15 min session, available offline, is structured to provide guidance, therapeutic tools, and practical strategies tailored to individual needs. Through a compassionate and professional approach, clients can explore challenges, gain clarity, and develop healthier coping mechanisms. The service is ideal for anyone seeking growth, healing, and improved mental resilience."
,Health & Wellness Screening,Nutritional Deficiency Screening,Offline,30 min,800,,Nutritional Deficiency Screening is a 30 min session available offline under our Health & Wellness Screening services.,"Our Nutritional Deficiency Screening offers personalized support designed to enhance well-being within the area of Health & Wellness Screening. This 30 min session, available offline, is structured to provide guidance, therapeutic tools, and practical strategies tailored to individual needs. Through a compassionate and professional approach, clients can explore challenges, gain clarity, and develop healthier coping mechanisms. The service is ideal for anyone seeking growth, healing, and improved mental resilience."
,Health & Wellness Screening,Cardiovasc ular Health Check,Offline,30 min,1200,,Cardiovasc ular Health Check is a 30 min session available offline under our Health & Wellness Screening services.,"Our Cardiovasc ular Health Check offers personalized support designed to enhance well-being within the area of Health & Wellness Screening. This 30 min session, available offline, is structured to provide guidance, therapeutic tools, and practical strategies tailored to individual needs. Through a compassionate and professional approach, clients can explore challenges, gain clarity, and develop healthier coping mechanisms. The service is ideal for anyone seeking growth, healing, and improved mental resilience."
,Health & Wellness Screening,"Postural & Gait
Analysis",Offline,45 min,1000,,"Postural & Gait
Analysis is a 45 min session available offline under our Health & Wellness
Screening services.","Our Postural & Gait
Analysis offers personalized support designed to enhance well-being within the area of Health & Wellness
Screening. This 45 min session, available offline, is structured to provide guidance, therapeutic tools, and practical strategies tailored to individual needs. Through a compassionate and professional approach, clients can explore challenges, gain clarity, and develop healthier coping mechanisms. The service is ideal for anyone seeking growth, healing, and improved mental resilience."
,Health & Wellness Screening,Mental Health Screening & Assessment,Online,30 min,800,,Mental Health Screening & Assessment is a 30 min session available online under our Health & Wellness Screening services.,"Our Mental Health Screening & Assessment offers personalized support designed to enhance well-being within the area of Health & Wellness Screening. This 30 min session, available online, is structured to provide guidance, therapeutic tools, and practical strategies tailored to individual needs. Through a compassionate and professional approach, clients can explore challenges, gain clarity, and develop healthier coping mechanisms. The service is ideal for anyone seeking growth, healing, and improved mental resilience."
,Online & App-Based Services,Daily Wellness & Mindful Content Subscription,Online,Daily,400,,Daily Wellness & Mindful Content Subscription is a daily session available online under our Online & App-Based Services services.,"Our Daily Wellness & Mindful Content Subscription offers personalized support designed to enhance well-being within the area of Online & App-Based Services. This daily session, available online, is structured to provide guidance, therapeutic tools, and practical strategies tailored to individual needs. Through a compassionate and professional approach, clients can explore challenges, gain clarity, and develop healthier coping mechanisms. The service is ideal for anyone seeking growth, healing, and improved mental resilience."
,Online & App-Based Services,Weekly Live Yoga/Meditation Class,Online,Weekly,500,,Weekly Live Yoga/Meditation Class is a weekly session available online under our Online & App-Based Services services.,"Our Weekly Live Yoga/Meditation Class offers personalized support designed to enhance well-being within the area of Online & App-Based Services. This weekly session, available online, is structured to provide guidance, therapeutic tools, and practical strategies tailored to individual needs. Through a compassionate and professional approach, clients can explore challenges, gain clarity, and develop healthier coping mechanisms. The service is ideal for anyone seeking growth, healing, and improved mental resilience."
,Online & App-Based Services,Ask a Specialist' Chat Service,Online,,800,,Ask a Specialist' Chat Service is a customized duration session available online under our Online & App-Based Services services.,"Our 'Ask a Specialist' Chat Service offers personalized support designed to enhance well-being within the area of Online & App-Based Services. This customized duration session, available online, is structured to provide guidance, therapeutic tools, and practical strategies tailored to individual needs. Through a compassionate and professional approach, clients can explore challenges, gain clarity, and develop healthier coping mechanisms. The service is ideal for anyone seeking growth, healing, and improved mental resilience."
,Online & App-Based Services,Habit Coaching & Tracking App Subscription,Online,,800,,Habit Coaching & Tracking App Subscription is a customized duration session available online under our Online & App-Based Services services.,"Our Habit Coaching & Tracking App Subscription offers personalized support designed to enhance well-being within the area of Online & App-Based Services. This customized duration session, available online, is structured to provide guidance, therapeutic tools, and practical strategies tailored to individual needs. Through a compassionate and professional approach, clients can explore challenges, gain clarity, and develop healthier coping mechanisms. The service is ideal for anyone seeking growth, healing, and improved mental resilience."
,Online & App-Based Services,"Tele-Counselling
Package ",Online,4 sessions,6000,,"Tele-Counselling
Package  is a 4 sessions session available online under our Online & App-Based
Services services.","Our Tele-Counselling
Package  offers personalized support designed to enhance well-being within the area of Online & App-Based
Services. This 4 sessions session, available online, is structured to provide guidance, therapeutic tools, and practical strategies tailored to individual needs. Through a compassionate and professional approach, clients can explore challenges, gain clarity, and develop healthier coping mechanisms. The service is ideal for anyone seeking growth, healing, and improved mental resilience."
,Online & App-Based Services,Digital Health & Wellness Workshops,Online,60-90 min,1000,,Digital Health & Wellness Workshops is a 60-90 min session available online under our Online & App-Based Services services.,"Our Digital Health & Wellness Workshops offers personalized support designed to enhance well-being within the area of Online & App-Based Services. This 60-90 min session, available online, is structured to provide guidance, therapeutic tools, and practical strategies tailored to individual needs. Through a compassionate and professional approach, clients can explore challenges, gain clarity, and develop healthier coping mechanisms. The service is ideal for anyone seeking growth, healing, and improved mental resilience."
,Online & App-Based Services,"AI-Powered Health &
Diet Plan",Online,,500,,"AI-Powered Health &
Diet Plan is a customized duration session available online under our Online & App-Based
Services services.","Our AI-Powered Health &
Diet Plan offers personalized support designed to enhance well-being within the area of Online & App-Based
Services. This customized duration session, available online, is structured to provide guidance, therapeutic tools, and practical strategies tailored to individual needs. Through a compassionate and professional approach, clients can explore challenges, gain clarity, and develop healthier coping mechanisms. The service is ideal for anyone seeking growth, healing, and improved mental resilience."
,Online & App-Based Services,Virtual Physiotherapy Exercises  & Guidance,Online,30 min,600,,Virtual Physiotherapy Exercises  & Guidance is a 30 min session available online under our Online & App-Based Services services.,"Our Virtual Physiotherapy Exercises  & Guidance offers personalized support designed to enhance well-being within the area of Online & App-Based Services. This 30 min session, available online, is structured to provide guidance, therapeutic tools, and practical strategies tailored to individual needs. Through a compassionate and professional approach, clients can explore challenges, gain clarity, and develop healthier coping mechanisms. The service is ideal for anyone seeking growth, healing, and improved mental resilience."
,Online & App-Based Services,Online Mental Health Support Group,Online,90 min,400,,Online Mental Health Support Group is a 90 min session available online under our Online & App-Based Services services.,"Our Online Mental Health Support Group offers personalized support designed to enhance well-being within the area of Online & App-Based Services. This 90 min session, available online, is structured to provide guidance, therapeutic tools, and practical strategies tailored to individual needs. Through a compassionate and professional approach, clients can explore challenges, gain clarity, and develop healthier coping mechanisms. The service is ideal for anyone seeking growth, healing, and improved mental resilience."
,Online & App-Based Services,"Corporate Online Wellness
Portal",Online,Monthly,1000,,"Corporate Online Wellness
Portal is a monthly session available online under our Online & App-Based Services services.","Our Corporate Online Wellness
Portal offers personalized support designed to enhance well-being within the area of Online & App-Based Services. This monthly session, available online, is structured to provide guidance, therapeutic tools, and practical strategies tailored to individual needs. Through a compassionate and professional approach, clients can explore challenges, gain clarity, and develop healthier coping mechanisms. The service is ideal for anyone seeking growth, healing, and improved mental resilience."